oid,relname,relnamespace,reltype,reloftype,relowner,relam,relfilenode,reltablespace,relpages,reltuples,relallvisible,reltoastrelid,relhasindex,relisshared,relpersistence,relkind,relnatts,relchecks,relhasrules,relhastriggers,relhassubclass,relrowsecurity,relforcerowsecurity,relispopulated,relreplident,relispartition,relrewrite,relfrozenxid,relminmxid,relacl,reloptions,relpartbound
2619,pg_statistic,11,10029,0,10,2,2619,0,19,410,19,2840,t,f,p,r,31,0,f,f,f,f,f,t,n,f,0,731,1,{postgres=arwdDxtm/postgres},,
1247,pg_type,11,71,0,10,2,0,0,15,617,15,4171,t,f,p,r,32,0,f,f,f,f,f,t,n,f,0,731,1,"{postgres=arwdDxtm/postgres,=r/postgres}",,
2836,pg_toast_1255,99,0,0,10,2,0,0,1,3,1,0,t,f,p,t,3,0,f,f,f,f,f,t,n,f,0,731,1,,,
2837,pg_toast_1255_index,99,0,0,10,403,0,0,1,0,0,0,f,f,p,i,2,0,f,f,f,f,f,t,n,f,0,0,0,,,
4171,pg_toast_1247,99,0,0,10,2,0,0,0,0,0,0,t,f,p,t,3,0,f,f,f,f,f,t,n,f,0,731,1,,,
4172,pg_toast_1247_index,99,0,0,10,403,0,0,1,0,0,0,f,f,p,i,2,0,f,f,f,f,f,t,n,f,0,0,0,,,
2830,pg_toast_2604,99,0,0,10,2,2830,0,0,0,0,0,t,f,p,t,3,0,f,f,f,f,f,t,n,f,0,731,1,,,
2831,pg_toast_2604_index,99,0,0,10,403,2831,0,1,0,0,0,f,f,p,i,2,0,f,f,f,f,f,t,n,f,0,0,0,,,
2832,pg_toast_2606,99,0,0,10,2,2832,0,0,0,0,0,t,f,p,t,3,0,f,f,f,f,f,t,n,f,0,731,1,,,
2833,pg_toast_2606_index,99,0,0,10,403,2833,0,1,0,0,0,f,f,p,i,2,0,f,f,f,f,f,t,n,f,0,0,0,,,
4157,pg_toast_2612,99,0,0,10,2,4157,0,0,0,0,0,t,f,p,t,3,0,f,f,f,f,f,t,n,f,0,731,1,,,
4158,pg_toast_2612_index,99,0,0,10,403,4158,0,1,0,0,0,f,f,p,i,2,0,f,f,f,f,f,t,n,f,0,0,0,,,
4159,pg_toast_2600,99,0,0,10,2,4159,0,0,0,0,0,t,f,p,t,3,0,f,f,f,f,f,t,n,f,0,731,1,,,
4160,pg_toast_2600_index,99,0,0,10,403,4160,0,1,0,0,0,f,f,p,i,2,0,f,f,f,f,f,t,n,f,0,0,0,,,
2840,pg_toast_2619,99,0,0,10,2,2840,0,3,13,3,0,t,f,p,t,3,0,f,f,f,f,f,t,n,f,0,731,1,,,
2841,pg_toast_2619_index,99,0,0,10,403,2841,0,1,0,0,0,f,f,p,i,2,0,f,f,f,f,f,t,n,f,0,0,0,,,
3439,pg_toast_3381,99,0,0,10,2,3439,0,0,0,0,0,t,f,p,t,3,0,f,f,f,f,f,t,n,f,0,731,1,,,
3440,pg_toast_3381_index,99,0,0,10,403,3440,0,1,0,0,0,f,f,p,i,2,0,f,f,f,f,f,t,n,f,0,0,0,,,
3430,pg_toast_3429,99,0,0,10,2,3430,0,0,0,0,0,t,f,p,t,3,0,f,f,f,f,f,t,n,f,0,731,1,,,
3431,pg_toast_3429_index,99,0,0,10,403,3431,0,1,0,0,0,f,f,p,i,2,0,f,f,f,f,f,t,n,f,0,0,0,,,
2838,pg_toast_2618,99,0,0,10,2,2838,0,63,278,63,0,t,f,p,t,3,0,f,f,f,f,f,t,n,f,0,731,1,,,
2839,pg_toast_2618_index,99,0,0,10,403,2839,0,1,0,0,0,f,f,p,i,2,0,f,f,f,f,f,t,n,f,0,0,0,,,
2336,pg_toast_2620,99,0,0,10,2,2336,0,0,0,0,0,t,f,p,t,3,0,f,f,f,f,f,t,n,f,0,731,1,,,
2337,pg_toast_2620_index,99,0,0,10,403,2337,0,1,0,0,0,f,f,p,i,2,0,f,f,f,f,f,t,n,f,0,0,0,,,
4145,pg_toast_3466,99,0,0,10,2,4145,0,0,0,0,0,t,f,p,t,3,0,f,f,f,f,f,t,n,f,0,731,1,,,
4146,pg_toast_3466_index,99,0,0,10,403,4146,0,1,0,0,0,f,f,p,i,2,0,f,f,f,f,f,t,n,f,0,0,0,,,
2834,pg_toast_2609,99,0,0,10,2,2834,0,0,0,0,0,t,f,p,t,3,0,f,f,f,f,f,t,n,f,0,731,1,,,
2835,pg_toast_2609_index,99,0,0,10,403,2835,0,1,0,0,0,f,f,p,i,2,0,f,f,f,f,f,t,n,f,0,0,0,,,
3118,pg_foreign_table,11,10082,0,10,2,3118,0,0,0,0,4153,t,f,p,r,3,0,f,f,f,f,f,t,n,f,0,731,1,"{postgres=arwdDxtm/postgres,=r/postgres}",,
4163,pg_toast_2615,99,0,0,10,2,4163,0,0,0,0,0,t,f,p,t,3,0,f,f,f,f,f,t,n,f,0,731,1,,,
4164,pg_toast_2615_index,99,0,0,10,403,4164,0,1,0,0,0,f,f,p,i,2,0,f,f,f,f,f,t,n,f,0,0,0,,,
4177,pg_toast_1262,99,0,0,10,2,0,1664,0,0,0,0,t,t,p,t,3,0,f,f,f,f,f,t,n,f,0,737,1,,,
4178,pg_toast_1262_index,99,0,0,10,403,0,1664,1,0,0,0,f,t,p,i,2,0,f,f,f,f,f,t,n,f,0,0,0,,,
2966,pg_toast_2964,99,0,0,10,2,0,1664,0,0,0,0,t,t,p,t,3,0,f,f,f,f,f,t,n,f,0,731,1,,,
2967,pg_toast_2964_index,99,0,0,10,403,0,1664,1,0,0,0,f,t,p,i,2,0,f,f,f,f,f,t,n,f,0,0,0,,,
4185,pg_toast_1213,99,0,0,10,2,0,1664,0,0,0,0,t,t,p,t,3,0,f,f,f,f,f,t,n,f,0,731,1,,,
4186,pg_toast_1213_index,99,0,0,10,403,0,1664,1,0,0,0,f,t,p,i,2,0,f,f,f,f,f,t,n,f,0,0,0,,,
4175,pg_toast_1260,99,0,0,10,2,0,1664,0,0,0,0,t,t,p,t,3,0,f,f,f,f,f,t,n,f,0,731,1,,,
4176,pg_toast_1260_index,99,0,0,10,403,0,1664,1,0,0,0,f,t,p,i,2,0,f,f,f,f,f,t,n,f,0,0,0,,,
2846,pg_toast_2396,99,0,0,10,2,0,1664,0,0,0,0,t,t,p,t,3,0,f,f,f,f,f,t,n,f,0,731,1,,,
2847,pg_toast_2396_index,99,0,0,10,403,0,1664,1,0,0,0,f,t,p,i,2,0,f,f,f,f,f,t,n,f,0,0,0,,,
4169,pg_toast_3600,99,0,0,10,2,4169,0,0,0,0,0,t,f,p,t,3,0,f,f,f,f,f,t,n,f,0,731,1,,,
4170,pg_toast_3600_index,99,0,0,10,403,4170,0,1,0,0,0,f,f,p,i,2,0,f,f,f,f,f,t,n,f,0,0,0,,,
4147,pg_toast_3079,99,0,0,10,2,4147,0,0,0,0,0,t,f,p,t,3,0,f,f,f,f,f,t,n,f,0,731,1,,,
4148,pg_toast_3079_index,99,0,0,10,403,4148,0,1,0,0,0,f,f,p,i,2,0,f,f,f,f,f,t,n,f,0,0,0,,,
4149,pg_toast_2328,99,0,0,10,2,4149,0,0,0,0,0,t,f,p,t,3,0,f,f,f,f,f,t,n,f,0,731,1,,,
4150,pg_toast_2328_index,99,0,0,10,403,4150,0,1,0,0,0,f,f,p,i,2,0,f,f,f,f,f,t,n,f,0,0,0,,,
4151,pg_toast_1417,99,0,0,10,2,4151,0,0,0,0,0,t,f,p,t,3,0,f,f,f,f,f,t,n,f,0,731,1,,,
4152,pg_toast_1417_index,99,0,0,10,403,4152,0,1,0,0,0,f,f,p,i,2,0,f,f,f,f,f,t,n,f,0,0,0,,,
4173,pg_toast_1418,99,0,0,10,2,4173,0,0,0,0,0,t,f,p,t,3,0,f,f,f,f,f,t,n,f,0,731,1,,,
4174,pg_toast_1418_index,99,0,0,10,403,4174,0,1,0,0,0,f,f,p,i,2,0,f,f,f,f,f,t,n,f,0,0,0,,,
4153,pg_toast_3118,99,0,0,10,2,4153,0,0,0,0,0,t,f,p,t,3,0,f,f,f,f,f,t,n,f,0,731,1,,,
4154,pg_toast_3118_index,99,0,0,10,403,4154,0,1,0,0,0,f,f,p,i,2,0,f,f,f,f,f,t,n,f,0,0,0,,,
4167,pg_toast_3256,99,0,0,10,2,4167,0,0,0,0,0,t,f,p,t,3,0,f,f,f,f,f,t,n,f,0,731,1,,,
4168,pg_toast_3256_index,99,0,0,10,403,4168,0,1,0,0,0,f,f,p,i,2,0,f,f,f,f,f,t,n,f,0,0,0,,,
4181,pg_toast_6000,99,0,0,10,2,0,1664,0,0,0,0,t,t,p,t,3,0,f,f,f,f,f,t,n,f,0,731,1,,,
4182,pg_toast_6000_index,99,0,0,10,403,0,1664,1,0,0,0,f,t,p,i,2,0,f,f,f,f,f,t,n,f,0,0,0,,,
4143,pg_toast_826,99,0,0,10,2,4143,0,0,0,0,0,t,f,p,t,3,0,f,f,f,f,f,t,n,f,0,731,1,,,
4144,pg_toast_826_index,99,0,0,10,403,4144,0,1,0,0,0,f,f,p,i,2,0,f,f,f,f,f,t,n,f,0,0,0,,,
4155,pg_toast_3394,99,0,0,10,2,4155,0,0,0,0,0,t,f,p,t,3,0,f,f,f,f,f,t,n,f,0,731,1,,,
4156,pg_toast_3394_index,99,0,0,10,403,4156,0,1,0,0,0,f,f,p,i,2,0,f,f,f,f,f,t,n,f,0,0,0,,,
3598,pg_toast_3596,99,0,0,10,2,3598,0,0,0,0,0,t,f,p,t,3,0,f,f,f,f,f,t,n,f,0,731,1,,,
3599,pg_toast_3596_index,99,0,0,10,403,3599,0,1,0,0,0,f,f,p,i,2,0,f,f,f,f,f,t,n,f,0,0,0,,,
4060,pg_toast_3592,99,0,0,10,2,0,1664,0,0,0,0,t,t,p,t,3,0,f,f,f,f,f,t,n,f,0,731,1,,,
4061,pg_toast_3592_index,99,0,0,10,403,0,1664,1,0,0,0,f,t,p,i,2,0,f,f,f,f,f,t,n,f,0,0,0,,,
6175,pg_toast_3456,99,0,0,10,2,6175,0,0,0,0,0,t,f,p,t,3,0,f,f,f,f,f,t,n,f,0,731,1,,,
6176,pg_toast_3456_index,99,0,0,10,403,6176,0,1,0,0,0,f,f,p,i,2,0,f,f,f,f,f,t,n,f,0,0,0,,,
6244,pg_toast_6243,99,0,0,10,2,0,1664,0,0,0,0,t,t,p,t,3,0,f,f,f,f,f,t,n,f,0,731,1,,,
6245,pg_toast_6243_index,99,0,0,10,403,0,1664,1,0,0,0,f,t,p,i,2,0,f,f,f,f,f,t,n,f,0,0,0,,,
4165,pg_toast_3350,99,0,0,10,2,4165,0,0,0,0,0,t,f,p,t,3,0,f,f,f,f,f,t,n,f,0,731,1,,,
4166,pg_toast_3350_index,99,0,0,10,403,4166,0,1,0,0,0,f,f,p,i,2,0,f,f,f,f,f,t,n,f,0,0,0,,,
6228,pg_toast_6106,99,0,0,10,2,6228,0,0,0,0,0,t,f,p,t,3,0,f,f,f,f,f,t,n,f,0,731,1,,,
6229,pg_toast_6106_index,99,0,0,10,403,6229,0,1,0,0,0,f,f,p,i,2,0,f,f,f,f,f,t,n,f,0,0,0,,,
4183,pg_toast_6100,99,0,0,10,2,0,1664,0,0,0,0,t,t,p,t,3,0,f,f,f,f,f,t,n,f,0,731,1,,,
4184,pg_toast_6100_index,99,0,0,10,403,0,1664,1,0,0,0,f,t,p,i,2,0,f,f,f,f,f,t,n,f,0,0,0,,,
2690,pg_proc_oid_index,11,0,0,10,403,0,0,12,3330,0,0,f,f,p,i,1,0,f,f,f,f,f,t,n,f,0,0,0,,,
2691,pg_proc_proname_args_nsp_index,11,0,0,10,403,0,0,32,3330,0,0,f,f,p,i,3,0,f,f,f,f,f,t,n,f,0,0,0,,,
2703,pg_type_oid_index,11,0,0,10,403,0,0,4,617,0,0,f,f,p,i,1,0,f,f,f,f,f,t,n,f,0,0,0,,,
2704,pg_type_typname_nsp_index,11,0,0,10,403,0,0,5,617,0,0,f,f,p,i,2,0,f,f,f,f,f,t,n,f,0,0,0,,,
2658,pg_attribute_relid_attnam_index,11,0,0,10,403,0,0,15,3126,0,0,f,f,p,i,2,0,f,f,f,f,f,t,n,f,0,0,0,,,
2659,pg_attribute_relid_attnum_index,11,0,0,10,403,0,0,11,3126,0,0,f,f,p,i,2,0,f,f,f,f,f,t,n,f,0,0,0,,,
2662,pg_class_oid_index,11,0,0,10,403,0,0,4,415,0,0,f,f,p,i,1,0,f,f,f,f,f,t,n,f,0,0,0,,,
2663,pg_class_relname_nsp_index,11,0,0,10,403,0,0,5,415,0,0,f,f,p,i,2,0,f,f,f,f,f,t,n,f,0,0,0,,,
3455,pg_class_tblspc_relfilenode_index,11,0,0,10,403,0,0,2,415,0,0,f,f,p,i,2,0,f,f,f,f,f,t,n,f,0,0,0,,,
2656,pg_attrdef_adrelid_adnum_index,11,0,0,10,403,2656,0,1,0,0,0,f,f,p,i,2,0,f,f,f,f,f,t,n,f,0,0,0,,,
2657,pg_attrdef_oid_index,11,0,0,10,403,2657,0,1,0,0,0,f,f,p,i,1,0,f,f,f,f,f,t,n,f,0,0,0,,,
2664,pg_constraint_conname_nsp_index,11,0,0,10,403,2664,0,2,112,0,0,f,f,p,i,2,0,f,f,f,f,f,t,n,f,0,0,0,,,
2665,pg_constraint_conrelid_contypid_conname_index,11,0,0,10,403,2665,0,2,112,0,0,f,f,p,i,3,0,f,f,f,f,f,t,n,f,0,0,0,,,
2666,pg_constraint_contypid_index,11,0,0,10,403,2666,0,2,112,0,0,f,f,p,i,1,0,f,f,f,f,f,t,n,f,0,0,0,,,
2667,pg_constraint_oid_index,11,0,0,10,403,2667,0,2,112,0,0,f,f,p,i,1,0,f,f,f,f,f,t,n,f,0,0,0,,,
2579,pg_constraint_conparentid_index,11,0,0,10,403,2579,0,2,112,0,0,f,f,p,i,1,0,f,f,f,f,f,t,n,f,0,0,0,,,
2680,pg_inherits_relid_seqno_index,11,0,0,10,403,2680,0,1,0,0,0,f,f,p,i,2,0,f,f,f,f,f,t,n,f,0,0,0,,,
2187,pg_inherits_parent_index,11,0,0,10,403,2187,0,1,0,0,0,f,f,p,i,1,0,f,f,f,f,f,t,n,f,0,0,0,,,
2678,pg_index_indrelid_index,11,0,0,10,403,2678,0,2,164,0,0,f,f,p,i,1,0,f,f,f,f,f,t,n,f,0,0,0,,,
2679,pg_index_indexrelid_index,11,0,0,10,403,2679,0,2,164,0,0,f,f,p,i,1,0,f,f,f,f,f,t,n,f,0,0,0,,,
2688,pg_operator_oid_index,11,0,0,10,403,2688,0,5,799,0,0,f,f,p,i,1,0,f,f,f,f,f,t,n,f,0,0,0,,,
2689,pg_operator_oprname_l_r_n_index,11,0,0,10,403,2689,0,6,799,0,0,f,f,p,i,4,0,f,f,f,f,f,t,n,f,0,0,0,,,
2754,pg_opfamily_am_name_nsp_index,11,0,0,10,403,2754,0,2,146,0,0,f,f,p,i,3,0,f,f,f,f,f,t,n,f,0,0,0,,,
2755,pg_opfamily_oid_index,11,0,0,10,403,2755,0,2,146,0,0,f,f,p,i,1,0,f,f,f,f,f,t,n,f,0,0,0,,,
2686,pg_opclass_am_name_nsp_index,11,0,0,10,403,2686,0,2,177,0,0,f,f,p,i,3,0,f,f,f,f,f,t,n,f,0,0,0,,,
2687,pg_opclass_oid_index,11,0,0,10,403,2687,0,2,177,0,0,f,f,p,i,1,0,f,f,f,f,f,t,n,f,0,0,0,,,
2651,pg_am_name_index,11,0,0,10,403,2651,0,2,7,0,0,f,f,p,i,1,0,f,f,f,f,f,t,n,f,0,0,0,,,
2652,pg_am_oid_index,11,0,0,10,403,2652,0,2,7,0,0,f,f,p,i,1,0,f,f,f,f,f,t,n,f,0,0,0,,,
2653,pg_amop_fam_strat_index,11,0,0,10,403,2653,0,6,945,0,0,f,f,p,i,4,0,f,f,f,f,f,t,n,f,0,0,0,,,
2654,pg_amop_opr_fam_index,11,0,0,10,403,2654,0,6,945,0,0,f,f,p,i,3,0,f,f,f,f,f,t,n,f,0,0,0,,,
2756,pg_amop_oid_index,11,0,0,10,403,2756,0,5,945,0,0,f,f,p,i,1,0,f,f,f,f,f,t,n,f,0,0,0,,,
2655,pg_amproc_fam_proc_index,11,0,0,10,403,2655,0,5,696,0,0,f,f,p,i,4,0,f,f,f,f,f,t,n,f,0,0,0,,,
2757,pg_amproc_oid_index,11,0,0,10,403,2757,0,4,696,0,0,f,f,p,i,1,0,f,f,f,f,f,t,n,f,0,0,0,,,
2681,pg_language_name_index,11,0,0,10,403,2681,0,2,4,0,0,f,f,p,i,1,0,f,f,f,f,f,t,n,f,0,0,0,,,
2682,pg_language_oid_index,11,0,0,10,403,2682,0,2,4,0,0,f,f,p,i,1,0,f,f,f,f,f,t,n,f,0,0,0,,,
2996,pg_largeobject_metadata_oid_index,11,0,0,10,403,2996,0,1,0,0,0,f,f,p,i,1,0,f,f,f,f,f,t,n,f,0,0,0,,,
2683,pg_largeobject_loid_pn_index,11,0,0,10,403,2683,0,1,0,0,0,f,f,p,i,2,0,f,f,f,f,f,t,n,f,0,0,0,,,
2650,pg_aggregate_fnoid_index,11,0,0,10,403,2650,0,2,157,0,0,f,f,p,i,1,0,f,f,f,f,f,t,n,f,0,0,0,,,
2696,pg_statistic_relid_att_inh_index,11,0,0,10,403,2696,0,1,0,0,0,f,f,p,i,3,0,f,f,f,f,f,t,n,f,0,0,0,,,
3380,pg_statistic_ext_oid_index,11,0,0,10,403,3380,0,1,0,0,0,f,f,p,i,1,0,f,f,f,f,f,t,n,f,0,0,0,,,
3997,pg_statistic_ext_name_index,11,0,0,10,403,3997,0,1,0,0,0,f,f,p,i,2,0,f,f,f,f,f,t,n,f,0,0,0,,,
3379,pg_statistic_ext_relid_index,11,0,0,10,403,3379,0,1,0,0,0,f,f,p,i,1,0,f,f,f,f,f,t,n,f,0,0,0,,,
3433,pg_statistic_ext_data_stxoid_inh_index,11,0,0,10,403,3433,0,1,0,0,0,f,f,p,i,2,0,f,f,f,f,f,t,n,f,0,0,0,,,
2692,pg_rewrite_oid_index,11,0,0,10,403,2692,0,2,145,0,0,f,f,p,i,1,0,f,f,f,f,f,t,n,f,0,0,0,,,
2693,pg_rewrite_rel_rulename_index,11,0,0,10,403,2693,0,2,145,0,0,f,f,p,i,2,0,f,f,f,f,f,t,n,f,0,0,0,,,
2699,pg_trigger_tgconstraint_index,11,0,0,10,403,2699,0,1,0,0,0,f,f,p,i,1,0,f,f,f,f,f,t,n,f,0,0,0,,,
2701,pg_trigger_tgrelid_tgname_index,11,0,0,10,403,2701,0,1,0,0,0,f,f,p,i,2,0,f,f,f,f,f,t,n,f,0,0,0,,,
2702,pg_trigger_oid_index,11,0,0,10,403,2702,0,1,0,0,0,f,f,p,i,1,0,f,f,f,f,f,t,n,f,0,0,0,,,
3467,pg_event_trigger_evtname_index,11,0,0,10,403,3467,0,1,0,0,0,f,f,p,i,1,0,f,f,f,f,f,t,n,f,0,0,0,,,
3468,pg_event_trigger_oid_index,11,0,0,10,403,3468,0,1,0,0,0,f,f,p,i,1,0,f,f,f,f,f,t,n,f,0,0,0,,,
2675,pg_description_o_c_o_index,11,0,0,10,403,2675,0,26,5226,0,0,f,f,p,i,3,0,f,f,f,f,f,t,n,f,0,0,0,,,
2660,pg_cast_oid_index,11,0,0,10,403,2660,0,2,229,0,0,f,f,p,i,1,0,f,f,f,f,f,t,n,f,0,0,0,,,
2661,pg_cast_source_target_index,11,0,0,10,403,2661,0,2,229,0,0,f,f,p,i,2,0,f,f,f,f,f,t,n,f,0,0,0,,,
3502,pg_enum_oid_index,11,0,0,10,403,3502,0,1,0,0,0,f,f,p,i,1,0,f,f,f,f,f,t,n,f,0,0,0,,,
3503,pg_enum_typid_label_index,11,0,0,10,403,3503,0,1,0,0,0,f,f,p,i,2,0,f,f,f,f,f,t,n,f,0,0,0,,,
3534,pg_enum_typid_sortorder_index,11,0,0,10,403,3534,0,1,0,0,0,f,f,p,i,2,0,f,f,f,f,f,t,n,f,0,0,0,,,
2684,pg_namespace_nspname_index,11,0,0,10,403,2684,0,2,4,0,0,f,f,p,i,1,0,f,f,f,f,f,t,n,f,0,0,0,,,
2685,pg_namespace_oid_index,11,0,0,10,403,2685,0,2,4,0,0,f,f,p,i,1,0,f,f,f,f,f,t,n,f,0,0,0,,,
2668,pg_conversion_default_index,11,0,0,10,403,2668,0,2,128,0,0,f,f,p,i,4,0,f,f,f,f,f,t,n,f,0,0,0,,,
2669,pg_conversion_name_nsp_index,11,0,0,10,403,2669,0,2,128,0,0,f,f,p,i,2,0,f,f,f,f,f,t,n,f,0,0,0,,,
2670,pg_conversion_oid_index,11,0,0,10,403,2670,0,2,128,0,0,f,f,p,i,1,0,f,f,f,f,f,t,n,f,0,0,0,,,
2673,pg_depend_depender_index,11,0,0,10,403,2673,0,10,1709,0,0,f,f,p,i,3,0,f,f,f,f,f,t,n,f,0,0,0,,,
2674,pg_depend_reference_index,11,0,0,10,403,2674,0,8,1709,0,0,f,f,p,i,3,0,f,f,f,f,f,t,n,f,0,0,0,,,
2671,pg_database_datname_index,11,0,0,10,403,0,1664,2,1,0,0,f,t,p,i,1,0,f,f,f,f,f,t,n,f,0,0,0,,,
2672,pg_database_oid_index,11,0,0,10,403,0,1664,2,1,0,0,f,t,p,i,1,0,f,f,f,f,f,t,n,f,0,0,0,,,
2965,pg_db_role_setting_databaseid_rol_index,11,0,0,10,403,0,1664,1,0,0,0,f,t,p,i,2,0,f,f,f,f,f,t,n,f,0,0,0,,,
2697,pg_tablespace_oid_index,11,0,0,10,403,0,1664,2,2,0,0,f,t,p,i,1,0,f,f,f,f,f,t,n,f,0,0,0,,,
2698,pg_tablespace_spcname_index,11,0,0,10,403,0,1664,2,2,0,0,f,t,p,i,1,0,f,f,f,f,f,t,n,f,0,0,0,,,
2676,pg_authid_rolname_index,11,0,0,10,403,0,1664,2,16,0,0,f,t,p,i,1,0,f,f,f,f,f,t,n,f,0,0,0,,,
2677,pg_authid_oid_index,11,0,0,10,403,0,1664,2,16,0,0,f,t,p,i,1,0,f,f,f,f,f,t,n,f,0,0,0,,,
6303,pg_auth_members_oid_index,11,0,0,10,403,0,1664,2,3,0,0,f,t,p,i,1,0,f,f,f,f,f,t,n,f,0,0,0,,,
2694,pg_auth_members_role_member_index,11,0,0,10,403,0,1664,2,3,0,0,f,t,p,i,3,0,f,f,f,f,f,t,n,f,0,0,0,,,
2695,pg_auth_members_member_role_index,11,0,0,10,403,0,1664,2,3,0,0,f,t,p,i,3,0,f,f,f,f,f,t,n,f,0,0,0,,,
6302,pg_auth_members_grantor_index,11,0,0,10,403,0,1664,2,3,0,0,f,t,p,i,1,0,f,f,f,f,f,t,n,f,0,0,0,,,
1232,pg_shdepend_depender_index,11,0,0,10,403,0,1664,1,0,0,0,f,t,p,i,4,0,f,f,f,f,f,t,n,f,0,0,0,,,
1233,pg_shdepend_reference_index,11,0,0,10,403,0,1664,1,0,0,0,f,t,p,i,2,0,f,f,f,f,f,t,n,f,0,0,0,,,
2397,pg_shdescription_o_c_index,11,0,0,10,403,0,1664,2,1,0,0,f,t,p,i,2,0,f,f,f,f,f,t,n,f,0,0,0,,,
3608,pg_ts_config_cfgname_index,11,0,0,10,403,3608,0,2,29,0,0,f,f,p,i,2,0,f,f,f,f,f,t,n,f,0,0,0,,,
3712,pg_ts_config_oid_index,11,0,0,10,403,3712,0,2,29,0,0,f,f,p,i,1,0,f,f,f,f,f,t,n,f,0,0,0,,,
3609,pg_ts_config_map_index,11,0,0,10,403,3609,0,4,551,0,0,f,f,p,i,3,0,f,f,f,f,f,t,n,f,0,0,0,,,
3604,pg_ts_dict_dictname_index,11,0,0,10,403,3604,0,2,29,0,0,f,f,p,i,2,0,f,f,f,f,f,t,n,f,0,0,0,,,
3605,pg_ts_dict_oid_index,11,0,0,10,403,3605,0,2,29,0,0,f,f,p,i,1,0,f,f,f,f,f,t,n,f,0,0,0,,,
3606,pg_ts_parser_prsname_index,11,0,0,10,403,3606,0,2,1,0,0,f,f,p,i,2,0,f,f,f,f,f,t,n,f,0,0,0,,,
3607,pg_ts_parser_oid_index,11,0,0,10,403,3607,0,2,1,0,0,f,f,p,i,1,0,f,f,f,f,f,t,n,f,0,0,0,,,
3766,pg_ts_template_tmplname_index,11,0,0,10,403,3766,0,2,5,0,0,f,f,p,i,2,0,f,f,f,f,f,t,n,f,0,0,0,,,
3767,pg_ts_template_oid_index,11,0,0,10,403,3767,0,2,5,0,0,f,f,p,i,1,0,f,f,f,f,f,t,n,f,0,0,0,,,
3080,pg_extension_oid_index,11,0,0,10,403,3080,0,2,1,0,0,f,f,p,i,1,0,f,f,f,f,f,t,n,f,0,0,0,,,
3081,pg_extension_name_index,11,0,0,10,403,3081,0,2,1,0,0,f,f,p,i,1,0,f,f,f,f,f,t,n,f,0,0,0,,,
112,pg_foreign_data_wrapper_oid_index,11,0,0,10,403,112,0,1,0,0,0,f,f,p,i,1,0,f,f,f,f,f,t,n,f,0,0,0,,,
548,pg_foreign_data_wrapper_name_index,11,0,0,10,403,548,0,1,0,0,0,f,f,p,i,1,0,f,f,f,f,f,t,n,f,0,0,0,,,
113,pg_foreign_server_oid_index,11,0,0,10,403,113,0,1,0,0,0,f,f,p,i,1,0,f,f,f,f,f,t,n,f,0,0,0,,,
549,pg_foreign_server_name_index,11,0,0,10,403,549,0,1,0,0,0,f,f,p,i,1,0,f,f,f,f,f,t,n,f,0,0,0,,,
174,pg_user_mapping_oid_index,11,0,0,10,403,174,0,1,0,0,0,f,f,p,i,1,0,f,f,f,f,f,t,n,f,0,0,0,,,
175,pg_user_mapping_user_server_index,11,0,0,10,403,175,0,1,0,0,0,f,f,p,i,2,0,f,f,f,f,f,t,n,f,0,0,0,,,
3119,pg_foreign_table_relid_index,11,0,0,10,403,3119,0,1,0,0,0,f,f,p,i,1,0,f,f,f,f,f,t,n,f,0,0,0,,,
3257,pg_policy_oid_index,11,0,0,10,403,3257,0,1,0,0,0,f,f,p,i,1,0,f,f,f,f,f,t,n,f,0,0,0,,,
3258,pg_policy_polrelid_polname_index,11,0,0,10,403,3258,0,1,0,0,0,f,f,p,i,2,0,f,f,f,f,f,t,n,f,0,0,0,,,
6001,pg_replication_origin_roiident_index,11,0,0,10,403,0,1664,1,0,0,0,f,t,p,i,1,0,f,f,f,f,f,t,n,f,0,0,0,,,
6002,pg_replication_origin_roname_index,11,0,0,10,403,0,1664,1,0,0,0,f,t,p,i,1,0,f,f,f,f,f,t,n,f,0,0,0,,,
827,pg_default_acl_role_nsp_obj_index,11,0,0,10,403,827,0,1,0,0,0,f,f,p,i,3,0,f,f,f,f,f,t,n,f,0,0,0,,,
828,pg_default_acl_oid_index,11,0,0,10,403,828,0,1,0,0,0,f,f,p,i,1,0,f,f,f,f,f,t,n,f,0,0,0,,,
3395,pg_init_privs_o_c_o_index,11,0,0,10,403,3395,0,2,223,0,0,f,f,p,i,3,0,f,f,f,f,f,t,n,f,0,0,0,,,
3597,pg_seclabel_object_index,11,0,0,10,403,3597,0,1,0,0,0,f,f,p,i,4,0,f,f,f,f,f,t,n,f,0,0,0,,,
3593,pg_shseclabel_object_index,11,0,0,10,403,0,1664,1,0,0,0,f,t,p,i,3,0,f,f,f,f,f,t,n,f,0,0,0,,,
3164,pg_collation_name_enc_nsp_index,11,0,0,10,403,3164,0,6,815,0,0,f,f,p,i,3,0,f,f,f,f,f,t,n,f,0,0,0,,,
3085,pg_collation_oid_index,11,0,0,10,403,3085,0,5,815,0,0,f,f,p,i,1,0,f,f,f,f,f,t,n,f,0,0,0,,,
6246,pg_parameter_acl_parname_index,11,0,0,10,403,0,1664,1,0,0,0,f,t,p,i,1,0,f,f,f,f,f,t,n,f,0,0,0,,,
6247,pg_parameter_acl_oid_index,11,0,0,10,403,0,1664,1,0,0,0,f,t,p,i,1,0,f,f,f,f,f,t,n,f,0,0,0,,,
3351,pg_partitioned_table_partrelid_index,11,0,0,10,403,3351,0,1,0,0,0,f,f,p,i,1,0,f,f,f,f,f,t,n,f,0,0,0,,,
3542,pg_range_rngtypid_index,11,0,0,10,403,3542,0,2,6,0,0,f,f,p,i,1,0,f,f,f,f,f,t,n,f,0,0,0,,,
2228,pg_range_rngmultitypid_index,11,0,0,10,403,2228,0,2,6,0,0,f,f,p,i,1,0,f,f,f,f,f,t,n,f,0,0,0,,,
3574,pg_transform_oid_index,11,0,0,10,403,3574,0,1,0,0,0,f,f,p,i,1,0,f,f,f,f,f,t,n,f,0,0,0,,,
3575,pg_transform_type_lang_index,11,0,0,10,403,3575,0,1,0,0,0,f,f,p,i,2,0,f,f,f,f,f,t,n,f,0,0,0,,,
5002,pg_sequence_seqrelid_index,11,0,0,10,403,5002,0,1,0,0,0,f,f,p,i,1,0,f,f,f,f,f,t,n,f,0,0,0,,,
6110,pg_publication_oid_index,11,0,0,10,403,6110,0,1,0,0,0,f,f,p,i,1,0,f,f,f,f,f,t,n,f,0,0,0,,,
6111,pg_publication_pubname_index,11,0,0,10,403,6111,0,1,0,0,0,f,f,p,i,1,0,f,f,f,f,f,t,n,f,0,0,0,,,
6238,pg_publication_namespace_oid_index,11,0,0,10,403,6238,0,1,0,0,0,f,f,p,i,1,0,f,f,f,f,f,t,n,f,0,0,0,,,
6239,pg_publication_namespace_pnnspid_pnpubid_index,11,0,0,10,403,6239,0,1,0,0,0,f,f,p,i,2,0,f,f,f,f,f,t,n,f,0,0,0,,,
6112,pg_publication_rel_oid_index,11,0,0,10,403,6112,0,1,0,0,0,f,f,p,i,1,0,f,f,f,f,f,t,n,f,0,0,0,,,
6113,pg_publication_rel_prrelid_prpubid_index,11,0,0,10,403,6113,0,1,0,0,0,f,f,p,i,2,0,f,f,f,f,f,t,n,f,0,0,0,,,
6116,pg_publication_rel_prpubid_index,11,0,0,10,403,6116,0,1,0,0,0,f,f,p,i,1,0,f,f,f,f,f,t,n,f,0,0,0,,,
6114,pg_subscription_oid_index,11,0,0,10,403,0,1664,1,0,0,0,f,t,p,i,1,0,f,f,f,f,f,t,n,f,0,0,0,,,
6115,pg_subscription_subname_index,11,0,0,10,403,0,1664,1,0,0,0,f,t,p,i,2,0,f,f,f,f,f,t,n,f,0,0,0,,,
6117,pg_subscription_rel_srrelid_srsubid_index,11,0,0,10,403,6117,0,1,0,0,0,f,f,p,i,2,0,f,f,f,f,f,t,n,f,0,0,0,,,
1260,pg_authid,11,2842,0,10,2,0,1664,1,16,1,4175,t,t,p,r,12,0,f,f,f,f,f,t,n,f,0,731,1,{postgres=arwdDxtm/postgres},,
12005,pg_shadow,11,12007,0,10,0,0,0,0,-1,0,0,f,f,p,v,9,0,t,f,f,f,f,t,n,f,0,0,0,{postgres=arwdDxtm/postgres},,
12000,pg_roles,11,12002,0,10,0,0,0,0,-1,0,0,f,f,p,v,13,0,t,f,f,f,f,t,n,f,0,0,0,"{postgres=arwdDxtm/postgres,=r/postgres}",,
3429,pg_statistic_ext_data,11,10033,0,10,2,3429,0,0,0,0,3430,t,f,p,r,6,0,f,f,f,f,f,t,n,f,0,731,1,{postgres=arwdDxtm/postgres},,
12114,pg_hba_file_rules,11,12116,0,10,0,0,0,0,-1,0,0,f,f,p,v,11,0,t,f,f,f,f,t,n,f,0,0,0,{postgres=arwdDxtm/postgres},,
12104,pg_settings,11,12106,0,10,0,0,0,0,-1,0,0,f,f,p,v,17,0,t,f,f,f,f,t,n,f,0,0,0,"{postgres=arwdDxtm/postgres,=rw/postgres}",,
12110,pg_file_settings,11,12112,0,10,0,0,0,0,-1,0,0,f,f,p,v,7,0,t,f,f,f,f,t,n,f,0,0,0,{postgres=arwdDxtm/postgres},,
12138,pg_backend_memory_contexts,11,12140,0,10,0,0,0,0,-1,0,0,f,f,p,v,9,0,t,f,f,f,f,t,n,f,0,0,0,"{postgres=arwdDxtm/postgres,pg_read_all_stats=r/postgres}",,
12118,pg_ident_file_mappings,11,12120,0,10,0,0,0,0,-1,0,0,f,f,p,v,7,0,t,f,f,f,f,t,n,f,0,0,0,{postgres=arwdDxtm/postgres},,
12130,pg_config,11,12132,0,10,0,0,0,0,-1,0,0,f,f,p,v,2,0,t,f,f,f,f,t,n,f,0,0,0,{postgres=arwdDxtm/postgres},,
12134,pg_shmem_allocations,11,12136,0,10,0,0,0,0,-1,0,0,f,f,p,v,4,0,t,f,f,f,f,t,n,f,0,0,0,"{postgres=arwdDxtm/postgres,pg_read_all_stats=r/postgres}",,
12033,pg_tables,11,12035,0,10,0,0,0,0,-1,0,0,f,f,p,v,8,0,t,f,f,f,f,t,n,f,0,0,0,"{postgres=arwdDxtm/postgres,=r/postgres}",,
1418,pg_user_mapping,11,10080,0,10,2,1418,0,0,0,0,4173,t,f,p,r,4,0,f,f,f,f,f,t,n,f,0,731,1,{postgres=arwdDxtm/postgres},,
12209,pg_statio_all_sequences,11,12211,0,10,0,0,0,0,-1,0,0,f,f,p,v,5,0,t,f,f,f,f,t,n,f,0,0,0,"{postgres=arwdDxtm/postgres,=r/postgres}",,
12339,pg_replication_origin_status,11,12341,0,10,0,0,0,0,-1,0,0,f,f,p,v,4,0,t,f,f,f,f,t,n,f,0,0,0,{postgres=arwdDxtm/postgres},,
6100,pg_subscription,11,6101,0,10,2,0,1664,0,0,0,4183,t,t,p,r,18,0,f,f,f,f,f,t,n,f,0,731,1,{postgres=arwdDxtm/postgres},,
1249,pg_attribute,11,75,0,10,2,0,0,55,3126,55,0,t,f,p,r,26,0,f,f,f,f,f,t,n,f,0,731,1,"{postgres=arwdDxtm/postgres,=r/postgres}",,
1255,pg_proc,11,81,0,10,2,0,0,99,3330,99,2836,t,f,p,r,30,0,f,f,f,f,f,t,n,f,0,731,1,"{postgres=arwdDxtm/postgres,=r/postgres}",,
1259,pg_class,11,83,0,10,2,0,0,14,415,14,0,t,f,p,r,33,0,f,f,f,f,f,t,n,f,0,731,1,"{postgres=arwdDxtm/postgres,=r/postgres}",,
2604,pg_attrdef,11,10001,0,10,2,2604,0,0,0,0,2830,t,f,p,r,4,0,f,f,f,f,f,t,n,f,0,731,1,"{postgres=arwdDxtm/postgres,=r/postgres}",,
12214,pg_statio_sys_sequences,11,12216,0,10,0,0,0,0,-1,0,0,f,f,p,v,5,0,t,f,f,f,f,t,n,f,0,0,0,"{postgres=arwdDxtm/postgres,=r/postgres}",,
12218,pg_statio_user_sequences,11,12220,0,10,0,0,0,0,-1,0,0,f,f,p,v,5,0,t,f,f,f,f,t,n,f,0,0,0,"{postgres=arwdDxtm/postgres,=r/postgres}",,
2606,pg_constraint,11,10003,0,10,2,2606,0,3,112,3,2832,t,f,p,r,26,0,f,f,f,f,f,t,n,f,0,731,1,"{postgres=arwdDxtm/postgres,=r/postgres}",,
2611,pg_inherits,11,10005,0,10,2,2611,0,0,0,0,0,t,f,p,r,4,0,f,f,f,f,f,t,n,f,0,731,1,"{postgres=arwdDxtm/postgres,=r/postgres}",,
2610,pg_index,11,10007,0,10,2,2610,0,4,164,4,0,t,f,p,r,21,0,f,f,f,f,f,t,n,f,0,731,1,"{postgres=arwdDxtm/postgres,=r/postgres}",,
2617,pg_operator,11,10009,0,10,2,2617,0,14,799,14,0,t,f,p,r,15,0,f,f,f,f,f,t,n,f,0,731,1,"{postgres=arwdDxtm/postgres,=r/postgres}",,
2753,pg_opfamily,11,10011,0,10,2,2753,0,2,146,2,0,t,f,p,r,5,0,f,f,f,f,f,t,n,f,0,731,1,"{postgres=arwdDxtm/postgres,=r/postgres}",,
2616,pg_opclass,11,10013,0,10,2,2616,0,3,177,3,0,t,f,p,r,9,0,f,f,f,f,f,t,n,f,0,731,1,"{postgres=arwdDxtm/postgres,=r/postgres}",,
2601,pg_am,11,10015,0,10,2,2601,0,1,7,1,0,t,f,p,r,4,0,f,f,f,f,f,t,n,f,0,731,1,"{postgres=arwdDxtm/postgres,=r/postgres}",,
2602,pg_amop,11,10017,0,10,2,2602,0,7,945,7,0,t,f,p,r,9,0,f,f,f,f,f,t,n,f,0,731,1,"{postgres=arwdDxtm/postgres,=r/postgres}",,
2603,pg_amproc,11,10019,0,10,2,2603,0,5,696,5,0,t,f,p,r,6,0,f,f,f,f,f,t,n,f,0,731,1,"{postgres=arwdDxtm/postgres,=r/postgres}",,
2612,pg_language,11,10021,0,10,2,2612,0,1,4,1,4157,t,f,p,r,9,0,f,f,f,f,f,t,n,f,0,731,1,"{postgres=arwdDxtm/postgres,=r/postgres}",,
2995,pg_largeobject_metadata,11,10023,0,10,2,2995,0,0,0,0,0,t,f,p,r,3,0,f,f,f,f,f,t,n,f,0,731,1,"{postgres=arwdDxtm/postgres,=r/postgres}",,
2600,pg_aggregate,11,10027,0,10,2,2600,0,2,157,2,4159,t,f,p,r,22,0,f,f,f,f,f,t,n,f,0,731,1,"{postgres=arwdDxtm/postgres,=r/postgres}",,
3381,pg_statistic_ext,11,10031,0,10,2,3381,0,0,0,0,3439,t,f,p,r,9,0,f,f,f,f,f,t,n,f,0,731,1,"{postgres=arwdDxtm/postgres,=r/postgres}",,
2618,pg_rewrite,11,10035,0,10,2,2618,0,14,145,14,2838,t,f,p,r,8,0,f,f,f,f,f,t,n,f,0,731,1,"{postgres=arwdDxtm/postgres,=r/postgres}",,
2620,pg_trigger,11,10037,0,10,2,2620,0,0,0,0,2336,t,f,p,r,19,0,f,f,f,f,f,t,n,f,0,731,1,"{postgres=arwdDxtm/postgres,=r/postgres}",,
3466,pg_event_trigger,11,10039,0,10,2,3466,0,0,0,0,4145,t,f,p,r,7,0,f,f,f,f,f,t,n,f,0,731,1,"{postgres=arwdDxtm/postgres,=r/postgres}",,
2609,pg_description,11,10041,0,10,2,2609,0,45,5226,45,2834,t,f,p,r,4,0,f,f,f,f,f,t,n,f,0,731,1,"{postgres=arwdDxtm/postgres,=r/postgres}",,
2605,pg_cast,11,10043,0,10,2,2605,0,2,229,2,0,t,f,p,r,6,0,f,f,f,f,f,t,n,f,0,731,1,"{postgres=arwdDxtm/postgres,=r/postgres}",,
3501,pg_enum,11,10045,0,10,2,3501,0,0,0,0,0,t,f,p,r,4,0,f,f,f,f,f,t,n,f,0,731,1,"{postgres=arwdDxtm/postgres,=r/postgres}",,
2615,pg_namespace,11,10047,0,10,2,2615,0,1,4,1,4163,t,f,p,r,4,0,f,f,f,f,f,t,n,f,0,731,1,"{postgres=arwdDxtm/postgres,=r/postgres}",,
2607,pg_conversion,11,10049,0,10,2,2607,0,2,128,2,0,t,f,p,r,8,0,f,f,f,f,f,t,n,f,0,731,1,"{postgres=arwdDxtm/postgres,=r/postgres}",,
2608,pg_depend,11,10051,0,10,2,2608,0,13,1709,13,0,t,f,p,r,7,0,f,f,f,f,f,t,n,f,0,731,1,"{postgres=arwdDxtm/postgres,=r/postgres}",,
1262,pg_database,11,1248,0,10,2,0,1664,1,2,1,4177,t,t,p,r,18,0,f,f,f,f,f,t,n,f,0,734,1,"{postgres=arwdDxtm/postgres,=r/postgres}",,
2964,pg_db_role_setting,11,10054,0,10,2,0,1664,0,0,0,2966,t,t,p,r,3,0,f,f,f,f,f,t,n,f,0,731,1,"{postgres=arwdDxtm/postgres,=r/postgres}",,
1213,pg_tablespace,11,10056,0,10,2,0,1664,1,2,1,4185,t,t,p,r,5,0,f,f,f,f,f,t,n,f,0,731,1,"{postgres=arwdDxtm/postgres,=r/postgres}",,
1261,pg_auth_members,11,2843,0,10,2,0,1664,1,3,1,0,t,t,p,r,7,0,f,f,f,f,f,t,n,f,0,731,1,"{postgres=arwdDxtm/postgres,=r/postgres}",,
1214,pg_shdepend,11,10060,0,10,2,0,1664,0,0,0,0,t,t,p,r,7,0,f,f,f,f,f,t,n,f,0,731,1,"{postgres=arwdDxtm/postgres,=r/postgres}",,
2396,pg_shdescription,11,10062,0,10,2,0,1664,1,1,1,2846,t,t,p,r,3,0,f,f,f,f,f,t,n,f,0,731,1,"{postgres=arwdDxtm/postgres,=r/postgres}",,
3602,pg_ts_config,11,10064,0,10,2,3602,0,1,29,1,0,t,f,p,r,5,0,f,f,f,f,f,t,n,f,0,731,1,"{postgres=arwdDxtm/postgres,=r/postgres}",,
3603,pg_ts_config_map,11,10066,0,10,2,3603,0,3,551,3,0,t,f,p,r,4,0,f,f,f,f,f,t,n,f,0,731,1,"{postgres=arwdDxtm/postgres,=r/postgres}",,
3600,pg_ts_dict,11,10068,0,10,2,3600,0,1,29,1,4169,t,f,p,r,6,0,f,f,f,f,f,t,n,f,0,731,1,"{postgres=arwdDxtm/postgres,=r/postgres}",,
3601,pg_ts_parser,11,10070,0,10,2,3601,0,1,1,1,0,t,f,p,r,8,0,f,f,f,f,f,t,n,f,0,731,1,"{postgres=arwdDxtm/postgres,=r/postgres}",,
3764,pg_ts_template,11,10072,0,10,2,3764,0,1,5,1,0,t,f,p,r,5,0,f,f,f,f,f,t,n,f,0,731,1,"{postgres=arwdDxtm/postgres,=r/postgres}",,
3079,pg_extension,11,10074,0,10,2,3079,0,1,1,1,4147,t,f,p,r,8,0,f,f,f,f,f,t,n,f,0,731,1,"{postgres=arwdDxtm/postgres,=r/postgres}",,
2328,pg_foreign_data_wrapper,11,10076,0,10,2,2328,0,0,0,0,4149,t,f,p,r,7,0,f,f,f,f,f,t,n,f,0,731,1,"{postgres=arwdDxtm/postgres,=r/postgres}",,
1417,pg_foreign_server,11,10078,0,10,2,1417,0,0,0,0,4151,t,f,p,r,8,0,f,f,f,f,f,t,n,f,0,731,1,"{postgres=arwdDxtm/postgres,=r/postgres}",,
3256,pg_policy,11,10084,0,10,2,3256,0,0,0,0,4167,t,f,p,r,8,0,f,f,f,f,f,t,n,f,0,731,1,"{postgres=arwdDxtm/postgres,=r/postgres}",,
6000,pg_replication_origin,11,10086,0,10,2,0,1664,0,0,0,4181,t,t,p,r,2,0,f,f,f,f,f,t,n,f,0,731,1,"{postgres=arwdDxtm/postgres,=r/postgres}",,
826,pg_default_acl,11,10088,0,10,2,826,0,0,0,0,4143,t,f,p,r,5,0,f,f,f,f,f,t,n,f,0,731,1,"{postgres=arwdDxtm/postgres,=r/postgres}",,
3394,pg_init_privs,11,10090,0,10,2,3394,0,3,223,3,4155,t,f,p,r,5,0,f,f,f,f,f,t,n,f,0,731,1,"{postgres=arwdDxtm/postgres,=r/postgres}",,
3596,pg_seclabel,11,10092,0,10,2,3596,0,0,0,0,3598,t,f,p,r,5,0,f,f,f,f,f,t,n,f,0,731,1,"{postgres=arwdDxtm/postgres,=r/postgres}",,
3592,pg_shseclabel,11,4066,0,10,2,0,1664,0,0,0,4060,t,t,p,r,4,0,f,f,f,f,f,t,n,f,0,731,1,"{postgres=arwdDxtm/postgres,=r/postgres}",,
3456,pg_collation,11,10095,0,10,2,3456,0,14,815,14,6175,t,f,p,r,12,0,f,f,f,f,f,t,n,f,0,731,1,"{postgres=arwdDxtm/postgres,=r/postgres}",,
6243,pg_parameter_acl,11,10097,0,10,2,0,1664,0,0,0,6244,t,t,p,r,3,0,f,f,f,f,f,t,n,f,0,731,1,"{postgres=arwdDxtm/postgres,=r/postgres}",,
3350,pg_partitioned_table,11,10099,0,10,2,3350,0,0,0,0,4165,t,f,p,r,8,0,f,f,f,f,f,t,n,f,0,731,1,"{postgres=arwdDxtm/postgres,=r/postgres}",,
3541,pg_range,11,10101,0,10,2,3541,0,1,6,1,0,t,f,p,r,7,0,f,f,f,f,f,t,n,f,0,731,1,"{postgres=arwdDxtm/postgres,=r/postgres}",,
3576,pg_transform,11,10103,0,10,2,3576,0,0,0,0,0,t,f,p,r,5,0,f,f,f,f,f,t,n,f,0,731,1,"{postgres=arwdDxtm/postgres,=r/postgres}",,
2224,pg_sequence,11,10105,0,10,2,2224,0,0,0,0,0,t,f,p,r,8,0,f,f,f,f,f,t,n,f,0,731,1,"{postgres=arwdDxtm/postgres,=r/postgres}",,
6104,pg_publication,11,10107,0,10,2,6104,0,0,0,0,0,t,f,p,r,9,0,f,f,f,f,f,t,n,f,0,731,1,"{postgres=arwdDxtm/postgres,=r/postgres}",,
6237,pg_publication_namespace,11,10109,0,10,2,6237,0,0,0,0,0,t,f,p,r,3,0,f,f,f,f,f,t,n,f,0,731,1,"{postgres=arwdDxtm/postgres,=r/postgres}",,
6106,pg_publication_rel,11,10111,0,10,2,6106,0,0,0,0,6228,t,f,p,r,5,0,f,f,f,f,f,t,n,f,0,731,1,"{postgres=arwdDxtm/postgres,=r/postgres}",,
6102,pg_subscription_rel,11,10114,0,10,2,6102,0,0,0,0,0,t,f,p,r,4,0,f,f,f,f,f,t,n,f,0,731,1,"{postgres=arwdDxtm/postgres,=r/postgres}",,
12010,pg_group,11,12012,0,10,0,0,0,0,-1,0,0,f,f,p,v,3,0,t,f,f,f,f,t,n,f,0,0,0,"{postgres=arwdDxtm/postgres,=r/postgres}",,
12014,pg_user,11,12016,0,10,0,0,0,0,-1,0,0,f,f,p,v,9,0,t,f,f,f,f,t,n,f,0,0,0,"{postgres=arwdDxtm/postgres,=r/postgres}",,
12018,pg_policies,11,12020,0,10,0,0,0,0,-1,0,0,f,f,p,v,8,0,t,f,f,f,f,t,n,f,0,0,0,"{postgres=arwdDxtm/postgres,=r/postgres}",,
12023,pg_rules,11,12025,0,10,0,0,0,0,-1,0,0,f,f,p,v,4,0,t,f,f,f,f,t,n,f,0,0,0,"{postgres=arwdDxtm/postgres,=r/postgres}",,
12028,pg_views,11,12030,0,10,0,0,0,0,-1,0,0,f,f,p,v,4,0,t,f,f,f,f,t,n,f,0,0,0,"{postgres=arwdDxtm/postgres,=r/postgres}",,
12038,pg_matviews,11,12040,0,10,0,0,0,0,-1,0,0,f,f,p,v,7,0,t,f,f,f,f,t,n,f,0,0,0,"{postgres=arwdDxtm/postgres,=r/postgres}",,
12043,pg_indexes,11,12045,0,10,0,0,0,0,-1,0,0,f,f,p,v,5,0,t,f,f,f,f,t,n,f,0,0,0,"{postgres=arwdDxtm/postgres,=r/postgres}",,
12048,pg_sequences,11,12050,0,10,0,0,0,0,-1,0,0,f,f,p,v,11,0,t,f,f,f,f,t,n,f,0,0,0,"{postgres=arwdDxtm/postgres,=r/postgres}",,
12053,pg_stats,11,12055,0,10,0,0,0,0,-1,0,0,f,f,p,v,17,0,t,f,f,f,f,t,n,f,0,0,0,"{postgres=arwdDxtm/postgres,=r/postgres}",{security_barrier=true},
12058,pg_stats_ext,11,12060,0,10,0,0,0,0,-1,0,0,f,f,p,v,15,0,t,f,f,f,f,t,n,f,0,0,0,"{postgres=arwdDxtm/postgres,=r/postgres}",{security_barrier=true},
12063,pg_stats_ext_exprs,11,12065,0,10,0,0,0,0,-1,0,0,f,f,p,v,17,0,t,f,f,f,f,t,n,f,0,0,0,"{postgres=arwdDxtm/postgres,=r/postgres}",{security_barrier=true},
12068,pg_publication_tables,11,12070,0,10,0,0,0,0,-1,0,0,f,f,p,v,5,0,t,f,f,f,f,t,n,f,0,0,0,"{postgres=arwdDxtm/postgres,=r/postgres}",,
12073,pg_locks,11,12075,0,10,0,0,0,0,-1,0,0,f,f,p,v,16,0,t,f,f,f,f,t,n,f,0,0,0,"{postgres=arwdDxtm/postgres,=r/postgres}",,
12077,pg_cursors,11,12079,0,10,0,0,0,0,-1,0,0,f,f,p,v,6,0,t,f,f,f,f,t,n,f,0,0,0,"{postgres=arwdDxtm/postgres,=r/postgres}",,
12081,pg_available_extensions,11,12083,0,10,0,0,0,0,-1,0,0,f,f,p,v,4,0,t,f,f,f,f,t,n,f,0,0,0,"{postgres=arwdDxtm/postgres,=r/postgres}",,
12085,pg_available_extension_versions,11,12087,0,10,0,0,0,0,-1,0,0,f,f,p,v,9,0,t,f,f,f,f,t,n,f,0,0,0,"{postgres=arwdDxtm/postgres,=r/postgres}",,
12090,pg_prepared_xacts,11,12092,0,10,0,0,0,0,-1,0,0,f,f,p,v,5,0,t,f,f,f,f,t,n,f,0,0,0,"{postgres=arwdDxtm/postgres,=r/postgres}",,
12095,pg_prepared_statements,11,12097,0,10,0,0,0,0,-1,0,0,f,f,p,v,8,0,t,f,f,f,f,t,n,f,0,0,0,"{postgres=arwdDxtm/postgres,=r/postgres}",,
12099,pg_seclabels,11,12101,0,10,0,0,0,0,-1,0,0,f,f,p,v,8,0,t,f,f,f,f,t,n,f,0,0,0,"{postgres=arwdDxtm/postgres,=r/postgres}",,
12122,pg_timezone_abbrevs,11,12124,0,10,0,0,0,0,-1,0,0,f,f,p,v,3,0,t,f,f,f,f,t,n,f,0,0,0,"{postgres=arwdDxtm/postgres,=r/postgres}",,
12126,pg_timezone_names,11,12128,0,10,0,0,0,0,-1,0,0,f,f,p,v,4,0,t,f,f,f,f,t,n,f,0,0,0,"{postgres=arwdDxtm/postgres,=r/postgres}",,
12142,pg_stat_all_tables,11,12144,0,10,0,0,0,0,-1,0,0,f,f,p,v,26,0,t,f,f,f,f,t,n,f,0,0,0,"{postgres=arwdDxtm/postgres,=r/postgres}",,
12147,pg_stat_xact_all_tables,11,12149,0,10,0,0,0,0,-1,0,0,f,f,p,v,12,0,t,f,f,f,f,t,n,f,0,0,0,"{postgres=arwdDxtm/postgres,=r/postgres}",,
12166,pg_stat_xact_user_tables,11,12168,0,10,0,0,0,0,-1,0,0,f,f,p,v,12,0,t,f,f,f,f,t,n,f,0,0,0,"{postgres=arwdDxtm/postgres,=r/postgres}",,
12152,pg_stat_sys_tables,11,12154,0,10,0,0,0,0,-1,0,0,f,f,p,v,26,0,t,f,f,f,f,t,n,f,0,0,0,"{postgres=arwdDxtm/postgres,=r/postgres}",,
12157,pg_stat_xact_sys_tables,11,12159,0,10,0,0,0,0,-1,0,0,f,f,p,v,12,0,t,f,f,f,f,t,n,f,0,0,0,"{postgres=arwdDxtm/postgres,=r/postgres}",,
12161,pg_stat_user_tables,11,12163,0,10,0,0,0,0,-1,0,0,f,f,p,v,26,0,t,f,f,f,f,t,n,f,0,0,0,"{postgres=arwdDxtm/postgres,=r/postgres}",,
12170,pg_statio_all_tables,11,12172,0,10,0,0,0,0,-1,0,0,f,f,p,v,11,0,t,f,f,f,f,t,n,f,0,0,0,"{postgres=arwdDxtm/postgres,=r/postgres}",,
12175,pg_statio_sys_tables,11,12177,0,10,0,0,0,0,-1,0,0,f,f,p,v,11,0,t,f,f,f,f,t,n,f,0,0,0,"{postgres=arwdDxtm/postgres,=r/postgres}",,
12179,pg_statio_user_tables,11,12181,0,10,0,0,0,0,-1,0,0,f,f,p,v,11,0,t,f,f,f,f,t,n,f,0,0,0,"{postgres=arwdDxtm/postgres,=r/postgres}",,
12183,pg_stat_all_indexes,11,12185,0,10,0,0,0,0,-1,0,0,f,f,p,v,9,0,t,f,f,f,f,t,n,f,0,0,0,"{postgres=arwdDxtm/postgres,=r/postgres}",,
12188,pg_stat_sys_indexes,11,12190,0,10,0,0,0,0,-1,0,0,f,f,p,v,9,0,t,f,f,f,f,t,n,f,0,0,0,"{postgres=arwdDxtm/postgres,=r/postgres}",,
12192,pg_stat_user_indexes,11,12194,0,10,0,0,0,0,-1,0,0,f,f,p,v,9,0,t,f,f,f,f,t,n,f,0,0,0,"{postgres=arwdDxtm/postgres,=r/postgres}",,
12196,pg_statio_all_indexes,11,12198,0,10,0,0,0,0,-1,0,0,f,f,p,v,7,0,t,f,f,f,f,t,n,f,0,0,0,"{postgres=arwdDxtm/postgres,=r/postgres}",,
12201,pg_statio_sys_indexes,11,12203,0,10,0,0,0,0,-1,0,0,f,f,p,v,7,0,t,f,f,f,f,t,n,f,0,0,0,"{postgres=arwdDxtm/postgres,=r/postgres}",,
12205,pg_statio_user_indexes,11,12207,0,10,0,0,0,0,-1,0,0,f,f,p,v,7,0,t,f,f,f,f,t,n,f,0,0,0,"{postgres=arwdDxtm/postgres,=r/postgres}",,
12222,pg_stat_activity,11,12224,0,10,0,0,0,0,-1,0,0,f,f,p,v,22,0,t,f,f,f,f,t,n,f,0,0,0,"{postgres=arwdDxtm/postgres,=r/postgres}",,
12227,pg_stat_replication,11,12229,0,10,0,0,0,0,-1,0,0,f,f,p,v,20,0,t,f,f,f,f,t,n,f,0,0,0,"{postgres=arwdDxtm/postgres,=r/postgres}",,
12232,pg_stat_slru,11,12234,0,10,0,0,0,0,-1,0,0,f,f,p,v,9,0,t,f,f,f,f,t,n,f,0,0,0,"{postgres=arwdDxtm/postgres,=r/postgres}",,
12236,pg_stat_wal_receiver,11,12238,0,10,0,0,0,0,-1,0,0,f,f,p,v,15,0,t,f,f,f,f,t,n,f,0,0,0,"{postgres=arwdDxtm/postgres,=r/postgres}",,
12240,pg_stat_recovery_prefetch,11,12242,0,10,0,0,0,0,-1,0,0,f,f,p,v,10,0,t,f,f,f,f,t,n,f,0,0,0,"{postgres=arwdDxtm/postgres,=r/postgres}",,
12244,pg_stat_subscription,11,12246,0,10,0,0,0,0,-1,0,0,f,f,p,v,11,0,t,f,f,f,f,t,n,f,0,0,0,"{postgres=arwdDxtm/postgres,=r/postgres}",,
12249,pg_stat_ssl,11,12251,0,10,0,0,0,0,-1,0,0,f,f,p,v,8,0,t,f,f,f,f,t,n,f,0,0,0,"{postgres=arwdDxtm/postgres,=r/postgres}",,
12253,pg_stat_gssapi,11,12255,0,10,0,0,0,0,-1,0,0,f,f,p,v,5,0,t,f,f,f,f,t,n,f,0,0,0,"{postgres=arwdDxtm/postgres,=r/postgres}",,
12257,pg_replication_slots,11,12259,0,10,0,0,0,0,-1,0,0,f,f,p,v,20,0,t,f,f,f,f,t,n,f,0,0,0,"{postgres=arwdDxtm/postgres,=r/postgres}",,
12262,pg_stat_replication_slots,11,12264,0,10,0,0,0,0,-1,0,0,f,f,p,v,10,0,t,f,f,f,f,t,n,f,0,0,0,"{postgres=arwdDxtm/postgres,=r/postgres}",,
12266,pg_stat_database,11,12268,0,10,0,0,0,0,-1,0,0,f,f,p,v,28,0,t,f,f,f,f,t,n,f,0,0,0,"{postgres=arwdDxtm/postgres,=r/postgres}",,
12271,pg_stat_database_conflicts,11,12273,0,10,0,0,0,0,-1,0,0,f,f,p,v,8,0,t,f,f,f,f,t,n,f,0,0,0,"{postgres=arwdDxtm/postgres,=r/postgres}",,
12275,pg_stat_user_functions,11,12277,0,10,0,0,0,0,-1,0,0,f,f,p,v,6,0,t,f,f,f,f,t,n,f,0,0,0,"{postgres=arwdDxtm/postgres,=r/postgres}",,
12280,pg_stat_xact_user_functions,11,12282,0,10,0,0,0,0,-1,0,0,f,f,p,v,6,0,t,f,f,f,f,t,n,f,0,0,0,"{postgres=arwdDxtm/postgres,=r/postgres}",,
12285,pg_stat_archiver,11,12287,0,10,0,0,0,0,-1,0,0,f,f,p,v,7,0,t,f,f,f,f,t,n,f,0,0,0,"{postgres=arwdDxtm/postgres,=r/postgres}",,
12289,pg_stat_bgwriter,11,12291,0,10,0,0,0,0,-1,0,0,f,f,p,v,4,0,t,f,f,f,f,t,n,f,0,0,0,"{postgres=arwdDxtm/postgres,=r/postgres}",,
12293,pg_stat_checkpointer,11,12295,0,10,0,0,0,0,-1,0,0,f,f,p,v,9,0,t,f,f,f,f,t,n,f,0,0,0,"{postgres=arwdDxtm/postgres,=r/postgres}",,
12297,pg_stat_io,11,12299,0,10,0,0,0,0,-1,0,0,f,f,p,v,18,0,t,f,f,f,f,t,n,f,0,0,0,"{postgres=arwdDxtm/postgres,=r/postgres}",,
12301,pg_stat_wal,11,12303,0,10,0,0,0,0,-1,0,0,f,f,p,v,9,0,t,f,f,f,f,t,n,f,0,0,0,"{postgres=arwdDxtm/postgres,=r/postgres}",,
12305,pg_stat_progress_analyze,11,12307,0,10,0,0,0,0,-1,0,0,f,f,p,v,12,0,t,f,f,f,f,t,n,f,0,0,0,"{postgres=arwdDxtm/postgres,=r/postgres}",,
12310,pg_stat_progress_vacuum,11,12312,0,10,0,0,0,0,-1,0,0,f,f,p,v,14,0,t,f,f,f,f,t,n,f,0,0,0,"{postgres=arwdDxtm/postgres,=r/postgres}",,
12315,pg_stat_progress_cluster,11,12317,0,10,0,0,0,0,-1,0,0,f,f,p,v,12,0,t,f,f,f,f,t,n,f,0,0,0,"{postgres=arwdDxtm/postgres,=r/postgres}",,
12320,pg_stat_progress_create_index,11,12322,0,10,0,0,0,0,-1,0,0,f,f,p,v,16,0,t,f,f,f,f,t,n,f,0,0,0,"{postgres=arwdDxtm/postgres,=r/postgres}",,
12325,pg_stat_progress_basebackup,11,12327,0,10,0,0,0,0,-1,0,0,f,f,p,v,6,0,t,f,f,f,f,t,n,f,0,0,0,"{postgres=arwdDxtm/postgres,=r/postgres}",,
12329,pg_stat_progress_copy,11,12331,0,10,0,0,0,0,-1,0,0,f,f,p,v,11,0,t,f,f,f,f,t,n,f,0,0,0,"{postgres=arwdDxtm/postgres,=r/postgres}",,
12334,pg_user_mappings,11,12336,0,10,0,0,0,0,-1,0,0,f,f,p,v,6,0,t,f,f,f,f,t,n,f,0,0,0,"{postgres=arwdDxtm/postgres,=r/postgres}",,
12343,pg_stat_subscription_stats,11,12345,0,10,0,0,0,0,-1,0,0,f,f,p,v,5,0,t,f,f,f,f,t,n,f,0,0,0,"{postgres=arwdDxtm/postgres,=r/postgres}",,
12347,pg_wait_events,11,12349,0,10,0,0,0,0,-1,0,0,f,f,p,v,3,0,t,f,f,f,f,t,n,f,0,0,0,"{postgres=arwdDxtm/postgres,=r/postgres}",,
2613,pg_largeobject,11,10025,0,10,2,2613,0,0,0,0,0,t,f,p,r,3,0,f,f,f,f,f,t,n,f,0,731,1,{postgres=arwdDxtm/postgres},,
13287,column_column_usage,13219,13289,0,10,0,0,0,0,-1,0,0,f,f,p,v,5,0,t,f,f,f,f,t,n,f,0,0,0,"{postgres=arwdDxtm/postgres,=r/postgres}",,
13239,information_schema_catalog_name,13219,13241,0,10,0,0,0,0,-1,0,0,f,f,p,v,1,0,t,f,f,f,f,t,n,f,0,0,0,"{postgres=arwdDxtm/postgres,=r/postgres}",,
13272,check_constraints,13219,13274,0,10,0,0,0,0,-1,0,0,f,f,p,v,4,0,t,f,f,f,f,t,n,f,0,0,0,"{postgres=arwdDxtm/postgres,=r/postgres}",,
13248,applicable_roles,13219,13250,0,10,0,0,0,0,-1,0,0,f,f,p,v,3,0,t,f,f,f,f,t,n,f,0,0,0,"{postgres=arwdDxtm/postgres,=r/postgres}",,
13253,administrable_role_authorizations,13219,13255,0,10,0,0,0,0,-1,0,0,f,f,p,v,3,0,t,f,f,f,f,t,n,f,0,0,0,"{postgres=arwdDxtm/postgres,=r/postgres}",,
13257,attributes,13219,13259,0,10,0,0,0,0,-1,0,0,f,f,p,v,31,0,t,f,f,f,f,t,n,f,0,0,0,"{postgres=arwdDxtm/postgres,=r/postgres}",,
13277,collations,13219,13279,0,10,0,0,0,0,-1,0,0,f,f,p,v,4,0,t,f,f,f,f,t,n,f,0,0,0,"{postgres=arwdDxtm/postgres,=r/postgres}",,
13262,character_sets,13219,13264,0,10,0,0,0,0,-1,0,0,f,f,p,v,8,0,t,f,f,f,f,t,n,f,0,0,0,"{postgres=arwdDxtm/postgres,=r/postgres}",,
13267,check_constraint_routine_usage,13219,13269,0,10,0,0,0,0,-1,0,0,f,f,p,v,6,0,t,f,f,f,f,t,n,f,0,0,0,"{postgres=arwdDxtm/postgres,=r/postgres}",,
13297,column_privileges,13219,13299,0,10,0,0,0,0,-1,0,0,f,f,p,v,8,0,t,f,f,f,f,t,n,f,0,0,0,"{postgres=arwdDxtm/postgres,=r/postgres}",,
13282,collation_character_set_applicability,13219,13284,0,10,0,0,0,0,-1,0,0,f,f,p,v,6,0,t,f,f,f,f,t,n,f,0,0,0,"{postgres=arwdDxtm/postgres,=r/postgres}",,
13292,column_domain_usage,13219,13294,0,10,0,0,0,0,-1,0,0,f,f,p,v,7,0,t,f,f,f,f,t,n,f,0,0,0,"{postgres=arwdDxtm/postgres,=r/postgres}",,
13302,column_udt_usage,13219,13304,0,10,0,0,0,0,-1,0,0,f,f,p,v,7,0,t,f,f,f,f,t,n,f,0,0,0,"{postgres=arwdDxtm/postgres,=r/postgres}",,
13307,columns,13219,13309,0,10,0,0,0,0,-1,0,0,f,f,p,v,44,0,t,f,f,f,f,t,n,f,0,0,0,"{postgres=arwdDxtm/postgres,=r/postgres}",,
13312,constraint_column_usage,13219,13314,0,10,0,0,0,0,-1,0,0,f,f,p,v,7,0,t,f,f,f,f,t,n,f,0,0,0,"{postgres=arwdDxtm/postgres,=r/postgres}",,
13317,constraint_table_usage,13219,13319,0,10,0,0,0,0,-1,0,0,f,f,p,v,6,0,t,f,f,f,f,t,n,f,0,0,0,"{postgres=arwdDxtm/postgres,=r/postgres}",,
13322,domain_constraints,13219,13324,0,10,0,0,0,0,-1,0,0,f,f,p,v,8,0,t,f,f,f,f,t,n,f,0,0,0,"{postgres=arwdDxtm/postgres,=r/postgres}",,
13383,routine_table_usage,13219,13385,0,10,0,0,0,0,-1,0,0,f,f,p,v,9,0,t,f,f,f,f,t,n,f,0,0,0,"{postgres=arwdDxtm/postgres,=r/postgres}",,
13327,domain_udt_usage,13219,13329,0,10,0,0,0,0,-1,0,0,f,f,p,v,6,0,t,f,f,f,f,t,n,f,0,0,0,"{postgres=arwdDxtm/postgres,=r/postgres}",,
13331,domains,13219,13333,0,10,0,0,0,0,-1,0,0,f,f,p,v,27,0,t,f,f,f,f,t,n,f,0,0,0,"{postgres=arwdDxtm/postgres,=r/postgres}",,
13415,pg_toast_13412,99,0,0,10,2,13415,0,0,0,0,0,t,f,p,t,3,0,f,f,f,f,f,t,n,f,0,731,1,,,
13336,enabled_roles,13219,13338,0,10,0,0,0,0,-1,0,0,f,f,p,v,1,0,t,f,f,f,f,t,n,f,0,0,0,"{postgres=arwdDxtm/postgres,=r/postgres}",,
13388,routines,13219,13390,0,10,0,0,0,0,-1,0,0,f,f,p,v,82,0,t,f,f,f,f,t,n,f,0,0,0,"{postgres=arwdDxtm/postgres,=r/postgres}",,
13340,key_column_usage,13219,13342,0,10,0,0,0,0,-1,0,0,f,f,p,v,9,0,t,f,f,f,f,t,n,f,0,0,0,"{postgres=arwdDxtm/postgres,=r/postgres}",,
13345,parameters,13219,13347,0,10,0,0,0,0,-1,0,0,f,f,p,v,32,0,t,f,f,f,f,t,n,f,0,0,0,"{postgres=arwdDxtm/postgres,=r/postgres}",,
13416,pg_toast_13412_index,99,0,0,10,403,13416,0,1,0,0,0,f,f,p,i,2,0,f,f,f,f,f,t,n,f,0,0,0,,,
13350,referential_constraints,13219,13352,0,10,0,0,0,0,-1,0,0,f,f,p,v,9,0,t,f,f,f,f,t,n,f,0,0,0,"{postgres=arwdDxtm/postgres,=r/postgres}",,
13393,schemata,13219,13395,0,10,0,0,0,0,-1,0,0,f,f,p,v,7,0,t,f,f,f,f,t,n,f,0,0,0,"{postgres=arwdDxtm/postgres,=r/postgres}",,
13355,role_column_grants,13219,13357,0,10,0,0,0,0,-1,0,0,f,f,p,v,8,0,t,f,f,f,f,t,n,f,0,0,0,"{postgres=arwdDxtm/postgres,=r/postgres}",,
13359,routine_column_usage,13219,13361,0,10,0,0,0,0,-1,0,0,f,f,p,v,10,0,t,f,f,f,f,t,n,f,0,0,0,"{postgres=arwdDxtm/postgres,=r/postgres}",,
13412,sql_parts,13219,13414,0,10,2,13412,0,1,11,1,13415,f,f,p,r,5,0,f,f,f,f,f,t,d,f,0,731,1,,,
13364,routine_privileges,13219,13366,0,10,0,0,0,0,-1,0,0,f,f,p,v,10,0,t,f,f,f,f,t,n,f,0,0,0,"{postgres=arwdDxtm/postgres,=r/postgres}",,
13397,sequences,13219,13399,0,10,0,0,0,0,-1,0,0,f,f,p,v,12,0,t,f,f,f,f,t,n,f,0,0,0,"{postgres=arwdDxtm/postgres,=r/postgres}",,
13369,role_routine_grants,13219,13371,0,10,0,0,0,0,-1,0,0,f,f,p,v,10,0,t,f,f,f,f,t,n,f,0,0,0,"{postgres=arwdDxtm/postgres,=r/postgres}",,
13373,routine_routine_usage,13219,13375,0,10,0,0,0,0,-1,0,0,f,f,p,v,6,0,t,f,f,f,f,t,n,f,0,0,0,"{postgres=arwdDxtm/postgres,=r/postgres}",,
13405,pg_toast_13402,99,0,0,10,2,13405,0,0,0,0,0,t,f,p,t,3,0,f,f,f,f,f,t,n,f,0,731,1,,,
13378,routine_sequence_usage,13219,13380,0,10,0,0,0,0,-1,0,0,f,f,p,v,9,0,t,f,f,f,f,t,n,f,0,0,0,"{postgres=arwdDxtm/postgres,=r/postgres}",,
13406,pg_toast_13402_index,99,0,0,10,403,13406,0,1,0,0,0,f,f,p,i,2,0,f,f,f,f,f,t,n,f,0,0,0,,,
13420,pg_toast_13417,99,0,0,10,2,13420,0,0,0,0,0,t,f,p,t,3,0,f,f,f,f,f,t,n,f,0,731,1,,,
13402,sql_features,13219,13404,0,10,2,13402,0,8,755,8,13405,f,f,p,r,7,0,f,f,f,f,f,t,d,f,0,731,1,"{postgres=arwdDxtm/postgres,=r/postgres}",,
13410,pg_toast_13407,99,0,0,10,2,13410,0,0,0,0,0,t,f,p,t,3,0,f,f,f,f,f,t,n,f,0,731,1,,,
13411,pg_toast_13407_index,99,0,0,10,403,13411,0,1,0,0,0,f,f,p,i,2,0,f,f,f,f,f,t,n,f,0,0,0,,,
13421,pg_toast_13417_index,99,0,0,10,403,13421,0,1,0,0,0,f,f,p,i,2,0,f,f,f,f,f,t,n,f,0,0,0,,,
13407,sql_implementation_info,13219,13409,0,10,2,13407,0,1,12,1,13410,f,f,p,r,5,0,f,f,f,f,f,t,d,f,0,731,1,"{postgres=arwdDxtm/postgres,=r/postgres}",,
13432,role_table_grants,13219,13434,0,10,0,0,0,0,-1,0,0,f,f,p,v,8,0,t,f,f,f,f,t,n,f,0,0,0,"{postgres=arwdDxtm/postgres,=r/postgres}",,
13417,sql_sizing,13219,13419,0,10,2,13417,0,1,23,1,13420,f,f,p,r,4,0,f,f,f,f,f,t,d,f,0,731,1,"{postgres=arwdDxtm/postgres,=r/postgres}",,
13427,table_privileges,13219,13429,0,10,0,0,0,0,-1,0,0,f,f,p,v,8,0,t,f,f,f,f,t,n,f,0,0,0,"{postgres=arwdDxtm/postgres,=r/postgres}",,
13422,table_constraints,13219,13424,0,10,0,0,0,0,-1,0,0,f,f,p,v,11,0,t,f,f,f,f,t,n,f,0,0,0,"{postgres=arwdDxtm/postgres,=r/postgres}",,
13441,transforms,13219,13443,0,10,0,0,0,0,-1,0,0,f,f,p,v,8,0,t,f,f,f,f,t,n,f,0,0,0,,,
13436,tables,13219,13438,0,10,0,0,0,0,-1,0,0,f,f,p,v,12,0,t,f,f,f,f,t,n,f,0,0,0,"{postgres=arwdDxtm/postgres,=r/postgres}",,
13446,triggered_update_columns,13219,13448,0,10,0,0,0,0,-1,0,0,f,f,p,v,7,0,t,f,f,f,f,t,n,f,0,0,0,"{postgres=arwdDxtm/postgres,=r/postgres}",,
13451,triggers,13219,13453,0,10,0,0,0,0,-1,0,0,f,f,p,v,17,0,t,f,f,f,f,t,n,f,0,0,0,"{postgres=arwdDxtm/postgres,=r/postgres}",,
13456,udt_privileges,13219,13458,0,10,0,0,0,0,-1,0,0,f,f,p,v,7,0,t,f,f,f,f,t,n,f,0,0,0,"{postgres=arwdDxtm/postgres,=r/postgres}",,
13518,_pg_foreign_data_wrappers,13219,13520,0,10,0,0,0,0,-1,0,0,f,f,p,v,7,0,t,f,f,f,f,t,n,f,0,0,0,,,
13461,role_udt_grants,13219,13463,0,10,0,0,0,0,-1,0,0,f,f,p,v,7,0,t,f,f,f,f,t,n,f,0,0,0,"{postgres=arwdDxtm/postgres,=r/postgres}",,
13465,usage_privileges,13219,13467,0,10,0,0,0,0,-1,0,0,f,f,p,v,8,0,t,f,f,f,f,t,n,f,0,0,0,"{postgres=arwdDxtm/postgres,=r/postgres}",,
13551,foreign_tables,13219,13553,0,10,0,0,0,0,-1,0,0,f,f,p,v,5,0,t,f,f,f,f,t,n,f,0,0,0,"{postgres=arwdDxtm/postgres,=r/postgres}",,
13470,role_usage_grants,13219,13472,0,10,0,0,0,0,-1,0,0,f,f,p,v,8,0,t,f,f,f,f,t,n,f,0,0,0,"{postgres=arwdDxtm/postgres,=r/postgres}",,
13522,foreign_data_wrapper_options,13219,13524,0,10,0,0,0,0,-1,0,0,f,f,p,v,4,0,t,f,f,f,f,t,n,f,0,0,0,"{postgres=arwdDxtm/postgres,=r/postgres}",,
13474,user_defined_types,13219,13476,0,10,0,0,0,0,-1,0,0,f,f,p,v,29,0,t,f,f,f,f,t,n,f,0,0,0,"{postgres=arwdDxtm/postgres,=r/postgres}",,
13479,view_column_usage,13219,13481,0,10,0,0,0,0,-1,0,0,f,f,p,v,7,0,t,f,f,f,f,t,n,f,0,0,0,"{postgres=arwdDxtm/postgres,=r/postgres}",,
13484,view_routine_usage,13219,13486,0,10,0,0,0,0,-1,0,0,f,f,p,v,6,0,t,f,f,f,f,t,n,f,0,0,0,"{postgres=arwdDxtm/postgres,=r/postgres}",,
13526,foreign_data_wrappers,13219,13528,0,10,0,0,0,0,-1,0,0,f,f,p,v,5,0,t,f,f,f,f,t,n,f,0,0,0,"{postgres=arwdDxtm/postgres,=r/postgres}",,
13489,view_table_usage,13219,13491,0,10,0,0,0,0,-1,0,0,f,f,p,v,6,0,t,f,f,f,f,t,n,f,0,0,0,"{postgres=arwdDxtm/postgres,=r/postgres}",,
13494,views,13219,13496,0,10,0,0,0,0,-1,0,0,f,f,p,v,10,0,t,f,f,f,f,t,n,f,0,0,0,"{postgres=arwdDxtm/postgres,=r/postgres}",,
13530,_pg_foreign_servers,13219,13532,0,10,0,0,0,0,-1,0,0,f,f,p,v,9,0,t,f,f,f,f,t,n,f,0,0,0,,,
13499,data_type_privileges,13219,13501,0,10,0,0,0,0,-1,0,0,f,f,p,v,5,0,t,f,f,f,f,t,n,f,0,0,0,"{postgres=arwdDxtm/postgres,=r/postgres}",,
13504,element_types,13219,13506,0,10,0,0,0,0,-1,0,0,f,f,p,v,28,0,t,f,f,f,f,t,n,f,0,0,0,"{postgres=arwdDxtm/postgres,=r/postgres}",,
13509,_pg_foreign_table_columns,13219,13511,0,10,0,0,0,0,-1,0,0,f,f,p,v,4,0,t,f,f,f,f,t,n,f,0,0,0,,,
13555,_pg_user_mappings,13219,13557,0,10,0,0,0,0,-1,0,0,f,f,p,v,7,0,t,f,f,f,f,t,n,f,0,0,0,,,
13514,column_options,13219,13516,0,10,0,0,0,0,-1,0,0,f,f,p,v,6,0,t,f,f,f,f,t,n,f,0,0,0,"{postgres=arwdDxtm/postgres,=r/postgres}",,
13534,foreign_server_options,13219,13536,0,10,0,0,0,0,-1,0,0,f,f,p,v,4,0,t,f,f,f,f,t,n,f,0,0,0,"{postgres=arwdDxtm/postgres,=r/postgres}",,
13538,foreign_servers,13219,13540,0,10,0,0,0,0,-1,0,0,f,f,p,v,7,0,t,f,f,f,f,t,n,f,0,0,0,"{postgres=arwdDxtm/postgres,=r/postgres}",,
13542,_pg_foreign_tables,13219,13544,0,10,0,0,0,0,-1,0,0,f,f,p,v,7,0,t,f,f,f,f,t,n,f,0,0,0,,,
13547,foreign_table_options,13219,13549,0,10,0,0,0,0,-1,0,0,f,f,p,v,5,0,t,f,f,f,f,t,n,f,0,0,0,"{postgres=arwdDxtm/postgres,=r/postgres}",,
13560,user_mapping_options,13219,13562,0,10,0,0,0,0,-1,0,0,f,f,p,v,5,0,t,f,f,f,f,t,n,f,0,0,0,"{postgres=arwdDxtm/postgres,=r/postgres}",,
13565,user_mappings,13219,13567,0,10,0,0,0,0,-1,0,0,f,f,p,v,3,0,t,f,f,f,f,t,n,f,0,0,0,"{postgres=arwdDxtm/postgres,=r/postgres}",,
