oid,typname,typnamespace,typowner,typlen,typbyval,typtype,typcategory,typispreferred,typisdefined,typdelim,typrelid,typsubscript,typelem,typarray,typinput,typoutput,typreceive,typsend,typmodin,typmodout,typanalyze,typalign,typstorage,typnotnull,typbasetype,typtypmod,typndims,typcollation,typdefaultbin,typdefault,typacl
16,bool,11,10,1,t,b,B,t,t,",",0,0,0,1000,1242,1243,2436,2437,0,0,0,c,p,f,0,-1,0,0,,,
17,bytea,11,10,-1,f,b,U,f,t,",",0,0,0,1001,1244,31,2412,2413,0,0,0,i,x,f,0,-1,0,0,,,
18,char,11,10,1,t,b,Z,f,t,",",0,0,0,1002,1245,33,2434,2435,0,0,0,c,p,f,0,-1,0,0,,,
19,name,11,10,64,f,b,S,f,t,",",0,6180,18,1003,34,35,2422,2423,0,0,0,c,p,f,0,-1,0,950,,,
20,int8,11,10,8,t,b,N,f,t,",",0,0,0,1016,460,461,2408,2409,0,0,0,d,p,f,0,-1,0,0,,,
21,int2,11,10,2,t,b,N,f,t,",",0,0,0,1005,38,39,2404,2405,0,0,0,s,p,f,0,-1,0,0,,,
22,int2vector,11,10,-1,f,b,A,f,t,",",0,6179,21,1006,40,41,2410,2411,0,0,0,i,p,f,0,-1,0,0,,,
23,int4,11,10,4,t,b,N,f,t,",",0,0,0,1007,42,43,2406,2407,0,0,0,i,p,f,0,-1,0,0,,,
24,regproc,11,10,4,t,b,N,f,t,",",0,0,0,1008,44,45,2444,2445,0,0,0,i,p,f,0,-1,0,0,,,
25,text,11,10,-1,f,b,S,t,t,",",0,0,0,1009,46,47,2414,2415,0,0,0,i,x,f,0,-1,0,100,,,
26,oid,11,10,4,t,b,N,t,t,",",0,0,0,1028,1798,1799,2418,2419,0,0,0,i,p,f,0,-1,0,0,,,
27,tid,11,10,6,f,b,U,f,t,",",0,0,0,1010,48,49,2438,2439,0,0,0,s,p,f,0,-1,0,0,,,
28,xid,11,10,4,t,b,U,f,t,",",0,0,0,1011,50,51,2440,2441,0,0,0,i,p,f,0,-1,0,0,,,
29,cid,11,10,4,t,b,U,f,t,",",0,0,0,1012,52,53,2442,2443,0,0,0,i,p,f,0,-1,0,0,,,
30,oidvector,11,10,-1,f,b,A,f,t,",",0,6179,26,1013,54,55,2420,2421,0,0,0,i,p,f,0,-1,0,0,,,
71,pg_type,11,10,-1,f,c,C,f,t,",",1247,0,0,210,2290,2291,2402,2403,0,0,0,d,x,f,0,-1,0,0,,,
75,pg_attribute,11,10,-1,f,c,C,f,t,",",1249,0,0,270,2290,2291,2402,2403,0,0,0,d,x,f,0,-1,0,0,,,
81,pg_proc,11,10,-1,f,c,C,f,t,",",1255,0,0,272,2290,2291,2402,2403,0,0,0,d,x,f,0,-1,0,0,,,
83,pg_class,11,10,-1,f,c,C,f,t,",",1259,0,0,273,2290,2291,2402,2403,0,0,0,d,x,f,0,-1,0,0,,,
114,json,11,10,-1,f,b,U,f,t,",",0,0,0,199,321,322,323,324,0,0,0,i,x,f,0,-1,0,0,,,
142,xml,11,10,-1,f,b,U,f,t,",",0,0,0,143,2893,2894,2898,2899,0,0,0,i,x,f,0,-1,0,0,,,
194,pg_node_tree,11,10,-1,f,b,Z,f,t,",",0,0,0,0,195,196,197,198,0,0,0,i,x,f,0,-1,0,100,,,
3361,pg_ndistinct,11,10,-1,f,b,Z,f,t,",",0,0,0,0,3355,3356,3357,3358,0,0,0,i,x,f,0,-1,0,100,,,
3402,pg_dependencies,11,10,-1,f,b,Z,f,t,",",0,0,0,0,3404,3405,3406,3407,0,0,0,i,x,f,0,-1,0,100,,,
5017,pg_mcv_list,11,10,-1,f,b,Z,f,t,",",0,0,0,0,5018,5019,5020,5021,0,0,0,i,x,f,0,-1,0,100,,,
32,pg_ddl_command,11,10,8,t,p,P,f,t,",",0,0,0,0,86,87,88,90,0,0,0,d,p,f,0,-1,0,0,,,
5069,xid8,11,10,8,t,b,U,f,t,",",0,0,0,271,5070,5081,5082,5083,0,0,0,d,p,f,0,-1,0,0,,,
600,point,11,10,16,f,b,G,f,t,",",0,6180,701,1017,117,118,2428,2429,0,0,0,d,p,f,0,-1,0,0,,,
601,lseg,11,10,32,f,b,G,f,t,",",0,6180,600,1018,119,120,2480,2481,0,0,0,d,p,f,0,-1,0,0,,,
602,path,11,10,-1,f,b,G,f,t,",",0,0,0,1019,121,122,2482,2483,0,0,0,d,x,f,0,-1,0,0,,,
603,box,11,10,32,f,b,G,f,t,;,0,6180,600,1020,123,124,2484,2485,0,0,0,d,p,f,0,-1,0,0,,,
604,polygon,11,10,-1,f,b,G,f,t,",",0,0,0,1027,347,348,2486,2487,0,0,0,d,x,f,0,-1,0,0,,,
628,line,11,10,24,f,b,G,f,t,",",0,6180,701,629,1490,1491,2488,2489,0,0,0,d,p,f,0,-1,0,0,,,
700,float4,11,10,4,t,b,N,f,t,",",0,0,0,1021,200,201,2424,2425,0,0,0,i,p,f,0,-1,0,0,,,
701,float8,11,10,8,t,b,N,t,t,",",0,0,0,1022,214,215,2426,2427,0,0,0,d,p,f,0,-1,0,0,,,
705,unknown,11,10,-2,f,p,X,f,t,",",0,0,0,0,109,110,2416,2417,0,0,0,c,p,f,0,-1,0,0,,,
718,circle,11,10,24,f,b,G,f,t,",",0,0,0,719,1450,1451,2490,2491,0,0,0,d,p,f,0,-1,0,0,,,
790,money,11,10,8,t,b,N,f,t,",",0,0,0,791,886,887,2492,2493,0,0,0,d,p,f,0,-1,0,0,,,
829,macaddr,11,10,6,f,b,U,f,t,",",0,0,0,1040,436,437,2494,2495,0,0,0,i,p,f,0,-1,0,0,,,
869,inet,11,10,-1,f,b,I,t,t,",",0,0,0,1041,910,911,2496,2497,0,0,0,i,m,f,0,-1,0,0,,,
650,cidr,11,10,-1,f,b,I,f,t,",",0,0,0,651,1267,1427,2498,2499,0,0,0,i,m,f,0,-1,0,0,,,
774,macaddr8,11,10,8,f,b,U,f,t,",",0,0,0,775,4110,4111,3446,3447,0,0,0,i,p,f,0,-1,0,0,,,
1033,aclitem,11,10,16,f,b,U,f,t,",",0,0,0,1034,1031,1032,0,0,0,0,0,d,p,f,0,-1,0,0,,,
1042,bpchar,11,10,-1,f,b,S,f,t,",",0,0,0,1014,1044,1045,2430,2431,2913,2914,0,i,x,f,0,-1,0,100,,,
1043,varchar,11,10,-1,f,b,S,f,t,",",0,0,0,1015,1046,1047,2432,2433,2915,2916,0,i,x,f,0,-1,0,100,,,
1082,date,11,10,4,t,b,D,f,t,",",0,0,0,1182,1084,1085,2468,2469,0,0,0,i,p,f,0,-1,0,0,,,
1083,time,11,10,8,t,b,D,f,t,",",0,0,0,1183,1143,1144,2470,2471,2909,2910,0,d,p,f,0,-1,0,0,,,
1114,timestamp,11,10,8,t,b,D,f,t,",",0,0,0,1115,1312,1313,2474,2475,2905,2906,0,d,p,f,0,-1,0,0,,,
1184,timestamptz,11,10,8,t,b,D,t,t,",",0,0,0,1185,1150,1151,2476,2477,2907,2908,0,d,p,f,0,-1,0,0,,,
1186,interval,11,10,16,f,b,T,t,t,",",0,0,0,1187,1160,1161,2478,2479,2903,2904,0,d,p,f,0,-1,0,0,,,
1266,timetz,11,10,12,f,b,D,f,t,",",0,0,0,1270,1350,1351,2472,2473,2911,2912,0,d,p,f,0,-1,0,0,,,
1560,bit,11,10,-1,f,b,V,f,t,",",0,0,0,1561,1564,1565,2456,2457,2919,2920,0,i,x,f,0,-1,0,0,,,
1562,varbit,11,10,-1,f,b,V,t,t,",",0,0,0,1563,1579,1580,2458,2459,2902,2921,0,i,x,f,0,-1,0,0,,,
1700,numeric,11,10,-1,f,b,N,f,t,",",0,0,0,1231,1701,1702,2460,2461,2917,2918,0,i,m,f,0,-1,0,0,,,
1790,refcursor,11,10,-1,f,b,U,f,t,",",0,0,0,2201,46,47,2414,2415,0,0,0,i,x,f,0,-1,0,0,,,
2202,regprocedure,11,10,4,t,b,N,f,t,",",0,0,0,2207,2212,2213,2446,2447,0,0,0,i,p,f,0,-1,0,0,,,
2203,regoper,11,10,4,t,b,N,f,t,",",0,0,0,2208,2214,2215,2448,2449,0,0,0,i,p,f,0,-1,0,0,,,
2204,regoperator,11,10,4,t,b,N,f,t,",",0,0,0,2209,2216,2217,2450,2451,0,0,0,i,p,f,0,-1,0,0,,,
2205,regclass,11,10,4,t,b,N,f,t,",",0,0,0,2210,2218,2219,2452,2453,0,0,0,i,p,f,0,-1,0,0,,,
4191,regcollation,11,10,4,t,b,N,f,t,",",0,0,0,4192,4193,4194,4196,4197,0,0,0,i,p,f,0,-1,0,0,,,
2206,regtype,11,10,4,t,b,N,f,t,",",0,0,0,2211,2220,2221,2454,2455,0,0,0,i,p,f,0,-1,0,0,,,
4096,regrole,11,10,4,t,b,N,f,t,",",0,0,0,4097,4098,4092,4094,4095,0,0,0,i,p,f,0,-1,0,0,,,
4089,regnamespace,11,10,4,t,b,N,f,t,",",0,0,0,4090,4084,4085,4087,4088,0,0,0,i,p,f,0,-1,0,0,,,
2950,uuid,11,10,16,f,b,U,f,t,",",0,0,0,2951,2952,2953,2961,2962,0,0,0,c,p,f,0,-1,0,0,,,
3220,pg_lsn,11,10,8,t,b,U,f,t,",",0,0,0,3221,3229,3230,3238,3239,0,0,0,d,p,f,0,-1,0,0,,,
3614,tsvector,11,10,-1,f,b,U,f,t,",",0,0,0,3643,3610,3611,3639,3638,0,0,3688,i,x,f,0,-1,0,0,,,
3642,gtsvector,11,10,-1,f,b,U,f,t,",",0,0,0,3644,3646,3647,0,0,0,0,0,i,p,f,0,-1,0,0,,,
3615,tsquery,11,10,-1,f,b,U,f,t,",",0,0,0,3645,3612,3613,3641,3640,0,0,0,i,p,f,0,-1,0,0,,,
3734,regconfig,11,10,4,t,b,N,f,t,",",0,0,0,3735,3736,3737,3738,3739,0,0,0,i,p,f,0,-1,0,0,,,
3769,regdictionary,11,10,4,t,b,N,f,t,",",0,0,0,3770,3771,3772,3773,3774,0,0,0,i,p,f,0,-1,0,0,,,
3802,jsonb,11,10,-1,f,b,U,f,t,",",0,6098,0,3807,3806,3804,3805,3803,0,0,0,i,x,f,0,-1,0,0,,,
4072,jsonpath,11,10,-1,f,b,U,f,t,",",0,0,0,4073,4001,4003,4002,4004,0,0,0,i,x,f,0,-1,0,0,,,
2970,txid_snapshot,11,10,-1,f,b,U,f,t,",",0,0,0,2949,2939,2940,2941,2942,0,0,0,d,x,f,0,-1,0,0,,,
5038,pg_snapshot,11,10,-1,f,b,U,f,t,",",0,0,0,5039,5055,5056,5057,5058,0,0,0,d,x,f,0,-1,0,0,,,
3904,int4range,11,10,-1,f,r,R,f,t,",",0,0,0,3905,3834,3835,3836,3837,0,0,3916,i,x,f,0,-1,0,0,,,
3906,numrange,11,10,-1,f,r,R,f,t,",",0,0,0,3907,3834,3835,3836,3837,0,0,3916,i,x,f,0,-1,0,0,,,
3908,tsrange,11,10,-1,f,r,R,f,t,",",0,0,0,3909,3834,3835,3836,3837,0,0,3916,d,x,f,0,-1,0,0,,,
3910,tstzrange,11,10,-1,f,r,R,f,t,",",0,0,0,3911,3834,3835,3836,3837,0,0,3916,d,x,f,0,-1,0,0,,,
3912,daterange,11,10,-1,f,r,R,f,t,",",0,0,0,3913,3834,3835,3836,3837,0,0,3916,i,x,f,0,-1,0,0,,,
3926,int8range,11,10,-1,f,r,R,f,t,",",0,0,0,3927,3834,3835,3836,3837,0,0,3916,d,x,f,0,-1,0,0,,,
4451,int4multirange,11,10,-1,f,m,R,f,t,",",0,0,0,6150,4231,4232,4233,4234,0,0,4242,i,x,f,0,-1,0,0,,,
4532,nummultirange,11,10,-1,f,m,R,f,t,",",0,0,0,6151,4231,4232,4233,4234,0,0,4242,i,x,f,0,-1,0,0,,,
4533,tsmultirange,11,10,-1,f,m,R,f,t,",",0,0,0,6152,4231,4232,4233,4234,0,0,4242,d,x,f,0,-1,0,0,,,
4534,tstzmultirange,11,10,-1,f,m,R,f,t,",",0,0,0,6153,4231,4232,4233,4234,0,0,4242,d,x,f,0,-1,0,0,,,
4535,datemultirange,11,10,-1,f,m,R,f,t,",",0,0,0,6155,4231,4232,4233,4234,0,0,4242,i,x,f,0,-1,0,0,,,
4536,int8multirange,11,10,-1,f,m,R,f,t,",",0,0,0,6157,4231,4232,4233,4234,0,0,4242,d,x,f,0,-1,0,0,,,
2249,record,11,10,-1,f,p,P,f,t,",",0,0,0,2287,2290,2291,2402,2403,0,0,0,d,x,f,0,-1,0,0,,,
2287,_record,11,10,-1,f,p,P,f,t,",",0,6179,2249,0,750,751,2400,2401,0,0,3816,d,x,f,0,-1,0,0,,,
2275,cstring,11,10,-2,f,p,P,f,t,",",0,0,0,1263,2292,2293,2500,2501,0,0,0,c,p,f,0,-1,0,0,,,
2276,any,11,10,4,t,p,P,f,t,",",0,0,0,0,2294,2295,0,0,0,0,0,i,p,f,0,-1,0,0,,,
2277,anyarray,11,10,-1,f,p,P,f,t,",",0,0,0,0,2296,2297,2502,2503,0,0,0,d,x,f,0,-1,0,0,,,
2278,void,11,10,4,t,p,P,f,t,",",0,0,0,0,2298,2299,3120,3121,0,0,0,i,p,f,0,-1,0,0,,,
2279,trigger,11,10,4,t,p,P,f,t,",",0,0,0,0,2300,2301,0,0,0,0,0,i,p,f,0,-1,0,0,,,
3838,event_trigger,11,10,4,t,p,P,f,t,",",0,0,0,0,3594,3595,0,0,0,0,0,i,p,f,0,-1,0,0,,,
2280,language_handler,11,10,4,t,p,P,f,t,",",0,0,0,0,2302,2303,0,0,0,0,0,i,p,f,0,-1,0,0,,,
2281,internal,11,10,8,t,p,P,f,t,",",0,0,0,0,2304,2305,0,0,0,0,0,d,p,f,0,-1,0,0,,,
2283,anyelement,11,10,4,t,p,P,f,t,",",0,0,0,0,2312,2313,0,0,0,0,0,i,p,f,0,-1,0,0,,,
2776,anynonarray,11,10,4,t,p,P,f,t,",",0,0,0,0,2777,2778,0,0,0,0,0,i,p,f,0,-1,0,0,,,
3500,anyenum,11,10,4,t,p,P,f,t,",",0,0,0,0,3504,3505,0,0,0,0,0,i,p,f,0,-1,0,0,,,
3115,fdw_handler,11,10,4,t,p,P,f,t,",",0,0,0,0,3116,3117,0,0,0,0,0,i,p,f,0,-1,0,0,,,
325,index_am_handler,11,10,4,t,p,P,f,t,",",0,0,0,0,326,327,0,0,0,0,0,i,p,f,0,-1,0,0,,,
3310,tsm_handler,11,10,4,t,p,P,f,t,",",0,0,0,0,3311,3312,0,0,0,0,0,i,p,f,0,-1,0,0,,,
269,table_am_handler,11,10,4,t,p,P,f,t,",",0,0,0,0,267,268,0,0,0,0,0,i,p,f,0,-1,0,0,,,
3831,anyrange,11,10,-1,f,p,P,f,t,",",0,0,0,0,3832,3833,0,0,0,0,0,d,x,f,0,-1,0,0,,,
5077,anycompatible,11,10,4,t,p,P,f,t,",",0,0,0,0,5086,5087,0,0,0,0,0,i,p,f,0,-1,0,0,,,
5078,anycompatiblearray,11,10,-1,f,p,P,f,t,",",0,0,0,0,5088,5089,5090,5091,0,0,0,d,x,f,0,-1,0,0,,,
5079,anycompatiblenonarray,11,10,4,t,p,P,f,t,",",0,0,0,0,5092,5093,0,0,0,0,0,i,p,f,0,-1,0,0,,,
5080,anycompatiblerange,11,10,-1,f,p,P,f,t,",",0,0,0,0,5094,5095,0,0,0,0,0,d,x,f,0,-1,0,0,,,
4537,anymultirange,11,10,-1,f,p,P,f,t,",",0,0,0,0,4229,4230,0,0,0,0,0,d,x,f,0,-1,0,0,,,
4538,anycompatiblemultirange,11,10,-1,f,p,P,f,t,",",0,0,0,0,4226,4227,0,0,0,0,0,d,x,f,0,-1,0,0,,,
4600,pg_brin_bloom_summary,11,10,-1,f,b,Z,f,t,",",0,0,0,0,4596,4597,4598,4599,0,0,0,i,x,f,0,-1,0,100,,,
4601,pg_brin_minmax_multi_summary,11,10,-1,f,b,Z,f,t,",",0,0,0,0,4638,4639,4640,4641,0,0,0,i,x,f,0,-1,0,100,,,
1000,_bool,11,10,-1,f,b,A,f,t,",",0,6179,16,0,750,751,2400,2401,0,0,3816,i,x,f,0,-1,0,0,,,
1001,_bytea,11,10,-1,f,b,A,f,t,",",0,6179,17,0,750,751,2400,2401,0,0,3816,i,x,f,0,-1,0,0,,,
1002,_char,11,10,-1,f,b,A,f,t,",",0,6179,18,0,750,751,2400,2401,0,0,3816,i,x,f,0,-1,0,0,,,
1003,_name,11,10,-1,f,b,A,f,t,",",0,6179,19,0,750,751,2400,2401,0,0,3816,i,x,f,0,-1,0,950,,,
1016,_int8,11,10,-1,f,b,A,f,t,",",0,6179,20,0,750,751,2400,2401,0,0,3816,d,x,f,0,-1,0,0,,,
1005,_int2,11,10,-1,f,b,A,f,t,",",0,6179,21,0,750,751,2400,2401,0,0,3816,i,x,f,0,-1,0,0,,,
1006,_int2vector,11,10,-1,f,b,A,f,t,",",0,6179,22,0,750,751,2400,2401,0,0,3816,i,x,f,0,-1,0,0,,,
1007,_int4,11,10,-1,f,b,A,f,t,",",0,6179,23,0,750,751,2400,2401,0,0,3816,i,x,f,0,-1,0,0,,,
1008,_regproc,11,10,-1,f,b,A,f,t,",",0,6179,24,0,750,751,2400,2401,0,0,3816,i,x,f,0,-1,0,0,,,
1009,_text,11,10,-1,f,b,A,f,t,",",0,6179,25,0,750,751,2400,2401,0,0,3816,i,x,f,0,-1,0,100,,,
1028,_oid,11,10,-1,f,b,A,f,t,",",0,6179,26,0,750,751,2400,2401,0,0,3816,i,x,f,0,-1,0,0,,,
1010,_tid,11,10,-1,f,b,A,f,t,",",0,6179,27,0,750,751,2400,2401,0,0,3816,i,x,f,0,-1,0,0,,,
1011,_xid,11,10,-1,f,b,A,f,t,",",0,6179,28,0,750,751,2400,2401,0,0,3816,i,x,f,0,-1,0,0,,,
1012,_cid,11,10,-1,f,b,A,f,t,",",0,6179,29,0,750,751,2400,2401,0,0,3816,i,x,f,0,-1,0,0,,,
1013,_oidvector,11,10,-1,f,b,A,f,t,",",0,6179,30,0,750,751,2400,2401,0,0,3816,i,x,f,0,-1,0,0,,,
210,_pg_type,11,10,-1,f,b,A,f,t,",",0,6179,71,0,750,751,2400,2401,0,0,3816,d,x,f,0,-1,0,0,,,
270,_pg_attribute,11,10,-1,f,b,A,f,t,",",0,6179,75,0,750,751,2400,2401,0,0,3816,d,x,f,0,-1,0,0,,,
272,_pg_proc,11,10,-1,f,b,A,f,t,",",0,6179,81,0,750,751,2400,2401,0,0,3816,d,x,f,0,-1,0,0,,,
273,_pg_class,11,10,-1,f,b,A,f,t,",",0,6179,83,0,750,751,2400,2401,0,0,3816,d,x,f,0,-1,0,0,,,
199,_json,11,10,-1,f,b,A,f,t,",",0,6179,114,0,750,751,2400,2401,0,0,3816,i,x,f,0,-1,0,0,,,
143,_xml,11,10,-1,f,b,A,f,t,",",0,6179,142,0,750,751,2400,2401,0,0,3816,i,x,f,0,-1,0,0,,,
271,_xid8,11,10,-1,f,b,A,f,t,",",0,6179,5069,0,750,751,2400,2401,0,0,3816,d,x,f,0,-1,0,0,,,
1017,_point,11,10,-1,f,b,A,f,t,",",0,6179,600,0,750,751,2400,2401,0,0,3816,d,x,f,0,-1,0,0,,,
1018,_lseg,11,10,-1,f,b,A,f,t,",",0,6179,601,0,750,751,2400,2401,0,0,3816,d,x,f,0,-1,0,0,,,
1019,_path,11,10,-1,f,b,A,f,t,",",0,6179,602,0,750,751,2400,2401,0,0,3816,d,x,f,0,-1,0,0,,,
1020,_box,11,10,-1,f,b,A,f,t,;,0,6179,603,0,750,751,2400,2401,0,0,3816,d,x,f,0,-1,0,0,,,
1027,_polygon,11,10,-1,f,b,A,f,t,",",0,6179,604,0,750,751,2400,2401,0,0,3816,d,x,f,0,-1,0,0,,,
629,_line,11,10,-1,f,b,A,f,t,",",0,6179,628,0,750,751,2400,2401,0,0,3816,d,x,f,0,-1,0,0,,,
1021,_float4,11,10,-1,f,b,A,f,t,",",0,6179,700,0,750,751,2400,2401,0,0,3816,i,x,f,0,-1,0,0,,,
1022,_float8,11,10,-1,f,b,A,f,t,",",0,6179,701,0,750,751,2400,2401,0,0,3816,d,x,f,0,-1,0,0,,,
719,_circle,11,10,-1,f,b,A,f,t,",",0,6179,718,0,750,751,2400,2401,0,0,3816,d,x,f,0,-1,0,0,,,
791,_money,11,10,-1,f,b,A,f,t,",",0,6179,790,0,750,751,2400,2401,0,0,3816,d,x,f,0,-1,0,0,,,
1040,_macaddr,11,10,-1,f,b,A,f,t,",",0,6179,829,0,750,751,2400,2401,0,0,3816,i,x,f,0,-1,0,0,,,
1041,_inet,11,10,-1,f,b,A,f,t,",",0,6179,869,0,750,751,2400,2401,0,0,3816,i,x,f,0,-1,0,0,,,
651,_cidr,11,10,-1,f,b,A,f,t,",",0,6179,650,0,750,751,2400,2401,0,0,3816,i,x,f,0,-1,0,0,,,
775,_macaddr8,11,10,-1,f,b,A,f,t,",",0,6179,774,0,750,751,2400,2401,0,0,3816,i,x,f,0,-1,0,0,,,
1034,_aclitem,11,10,-1,f,b,A,f,t,",",0,6179,1033,0,750,751,2400,2401,0,0,3816,d,x,f,0,-1,0,0,,,
1014,_bpchar,11,10,-1,f,b,A,f,t,",",0,6179,1042,0,750,751,2400,2401,2913,2914,3816,i,x,f,0,-1,0,100,,,
1015,_varchar,11,10,-1,f,b,A,f,t,",",0,6179,1043,0,750,751,2400,2401,2915,2916,3816,i,x,f,0,-1,0,100,,,
1182,_date,11,10,-1,f,b,A,f,t,",",0,6179,1082,0,750,751,2400,2401,0,0,3816,i,x,f,0,-1,0,0,,,
1183,_time,11,10,-1,f,b,A,f,t,",",0,6179,1083,0,750,751,2400,2401,2909,2910,3816,d,x,f,0,-1,0,0,,,
1115,_timestamp,11,10,-1,f,b,A,f,t,",",0,6179,1114,0,750,751,2400,2401,2905,2906,3816,d,x,f,0,-1,0,0,,,
1185,_timestamptz,11,10,-1,f,b,A,f,t,",",0,6179,1184,0,750,751,2400,2401,2907,2908,3816,d,x,f,0,-1,0,0,,,
1187,_interval,11,10,-1,f,b,A,f,t,",",0,6179,1186,0,750,751,2400,2401,2903,2904,3816,d,x,f,0,-1,0,0,,,
1270,_timetz,11,10,-1,f,b,A,f,t,",",0,6179,1266,0,750,751,2400,2401,2911,2912,3816,d,x,f,0,-1,0,0,,,
1561,_bit,11,10,-1,f,b,A,f,t,",",0,6179,1560,0,750,751,2400,2401,2919,2920,3816,i,x,f,0,-1,0,0,,,
1563,_varbit,11,10,-1,f,b,A,f,t,",",0,6179,1562,0,750,751,2400,2401,2902,2921,3816,i,x,f,0,-1,0,0,,,
1231,_numeric,11,10,-1,f,b,A,f,t,",",0,6179,1700,0,750,751,2400,2401,2917,2918,3816,i,x,f,0,-1,0,0,,,
2201,_refcursor,11,10,-1,f,b,A,f,t,",",0,6179,1790,0,750,751,2400,2401,0,0,3816,i,x,f,0,-1,0,0,,,
2207,_regprocedure,11,10,-1,f,b,A,f,t,",",0,6179,2202,0,750,751,2400,2401,0,0,3816,i,x,f,0,-1,0,0,,,
2208,_regoper,11,10,-1,f,b,A,f,t,",",0,6179,2203,0,750,751,2400,2401,0,0,3816,i,x,f,0,-1,0,0,,,
2209,_regoperator,11,10,-1,f,b,A,f,t,",",0,6179,2204,0,750,751,2400,2401,0,0,3816,i,x,f,0,-1,0,0,,,
2210,_regclass,11,10,-1,f,b,A,f,t,",",0,6179,2205,0,750,751,2400,2401,0,0,3816,i,x,f,0,-1,0,0,,,
4192,_regcollation,11,10,-1,f,b,A,f,t,",",0,6179,4191,0,750,751,2400,2401,0,0,3816,i,x,f,0,-1,0,0,,,
2211,_regtype,11,10,-1,f,b,A,f,t,",",0,6179,2206,0,750,751,2400,2401,0,0,3816,i,x,f,0,-1,0,0,,,
4097,_regrole,11,10,-1,f,b,A,f,t,",",0,6179,4096,0,750,751,2400,2401,0,0,3816,i,x,f,0,-1,0,0,,,
4090,_regnamespace,11,10,-1,f,b,A,f,t,",",0,6179,4089,0,750,751,2400,2401,0,0,3816,i,x,f,0,-1,0,0,,,
2951,_uuid,11,10,-1,f,b,A,f,t,",",0,6179,2950,0,750,751,2400,2401,0,0,3816,i,x,f,0,-1,0,0,,,
3221,_pg_lsn,11,10,-1,f,b,A,f,t,",",0,6179,3220,0,750,751,2400,2401,0,0,3816,d,x,f,0,-1,0,0,,,
3643,_tsvector,11,10,-1,f,b,A,f,t,",",0,6179,3614,0,750,751,2400,2401,0,0,3816,i,x,f,0,-1,0,0,,,
3644,_gtsvector,11,10,-1,f,b,A,f,t,",",0,6179,3642,0,750,751,2400,2401,0,0,3816,i,x,f,0,-1,0,0,,,
3645,_tsquery,11,10,-1,f,b,A,f,t,",",0,6179,3615,0,750,751,2400,2401,0,0,3816,i,x,f,0,-1,0,0,,,
3735,_regconfig,11,10,-1,f,b,A,f,t,",",0,6179,3734,0,750,751,2400,2401,0,0,3816,i,x,f,0,-1,0,0,,,
3770,_regdictionary,11,10,-1,f,b,A,f,t,",",0,6179,3769,0,750,751,2400,2401,0,0,3816,i,x,f,0,-1,0,0,,,
3807,_jsonb,11,10,-1,f,b,A,f,t,",",0,6179,3802,0,750,751,2400,2401,0,0,3816,i,x,f,0,-1,0,0,,,
4073,_jsonpath,11,10,-1,f,b,A,f,t,",",0,6179,4072,0,750,751,2400,2401,0,0,3816,i,x,f,0,-1,0,0,,,
2949,_txid_snapshot,11,10,-1,f,b,A,f,t,",",0,6179,2970,0,750,751,2400,2401,0,0,3816,d,x,f,0,-1,0,0,,,
5039,_pg_snapshot,11,10,-1,f,b,A,f,t,",",0,6179,5038,0,750,751,2400,2401,0,0,3816,d,x,f,0,-1,0,0,,,
3905,_int4range,11,10,-1,f,b,A,f,t,",",0,6179,3904,0,750,751,2400,2401,0,0,3816,i,x,f,0,-1,0,0,,,
3907,_numrange,11,10,-1,f,b,A,f,t,",",0,6179,3906,0,750,751,2400,2401,0,0,3816,i,x,f,0,-1,0,0,,,
3909,_tsrange,11,10,-1,f,b,A,f,t,",",0,6179,3908,0,750,751,2400,2401,0,0,3816,d,x,f,0,-1,0,0,,,
3911,_tstzrange,11,10,-1,f,b,A,f,t,",",0,6179,3910,0,750,751,2400,2401,0,0,3816,d,x,f,0,-1,0,0,,,
3913,_daterange,11,10,-1,f,b,A,f,t,",",0,6179,3912,0,750,751,2400,2401,0,0,3816,i,x,f,0,-1,0,0,,,
3927,_int8range,11,10,-1,f,b,A,f,t,",",0,6179,3926,0,750,751,2400,2401,0,0,3816,d,x,f,0,-1,0,0,,,
6150,_int4multirange,11,10,-1,f,b,A,f,t,",",0,6179,4451,0,750,751,2400,2401,0,0,3816,i,x,f,0,-1,0,0,,,
6151,_nummultirange,11,10,-1,f,b,A,f,t,",",0,6179,4532,0,750,751,2400,2401,0,0,3816,i,x,f,0,-1,0,0,,,
6152,_tsmultirange,11,10,-1,f,b,A,f,t,",",0,6179,4533,0,750,751,2400,2401,0,0,3816,d,x,f,0,-1,0,0,,,
6153,_tstzmultirange,11,10,-1,f,b,A,f,t,",",0,6179,4534,0,750,751,2400,2401,0,0,3816,d,x,f,0,-1,0,0,,,
6155,_datemultirange,11,10,-1,f,b,A,f,t,",",0,6179,4535,0,750,751,2400,2401,0,0,3816,i,x,f,0,-1,0,0,,,
6157,_int8multirange,11,10,-1,f,b,A,f,t,",",0,6179,4536,0,750,751,2400,2401,0,0,3816,d,x,f,0,-1,0,0,,,
1263,_cstring,11,10,-1,f,b,A,f,t,",",0,6179,2275,0,750,751,2400,2401,0,0,3816,i,x,f,0,-1,0,0,,,
10001,pg_attrdef,11,10,-1,f,c,C,f,t,",",2604,0,0,10000,2290,2291,2402,2403,0,0,0,d,x,f,0,-1,0,0,,,
10000,_pg_attrdef,11,10,-1,f,b,A,f,t,",",0,6179,10001,0,750,751,2400,2401,0,0,3816,d,x,f,0,-1,0,0,,,
10003,pg_constraint,11,10,-1,f,c,C,f,t,",",2606,0,0,10002,2290,2291,2402,2403,0,0,0,d,x,f,0,-1,0,0,,,
10002,_pg_constraint,11,10,-1,f,b,A,f,t,",",0,6179,10003,0,750,751,2400,2401,0,0,3816,d,x,f,0,-1,0,0,,,
10005,pg_inherits,11,10,-1,f,c,C,f,t,",",2611,0,0,10004,2290,2291,2402,2403,0,0,0,d,x,f,0,-1,0,0,,,
10004,_pg_inherits,11,10,-1,f,b,A,f,t,",",0,6179,10005,0,750,751,2400,2401,0,0,3816,d,x,f,0,-1,0,0,,,
10007,pg_index,11,10,-1,f,c,C,f,t,",",2610,0,0,10006,2290,2291,2402,2403,0,0,0,d,x,f,0,-1,0,0,,,
10006,_pg_index,11,10,-1,f,b,A,f,t,",",0,6179,10007,0,750,751,2400,2401,0,0,3816,d,x,f,0,-1,0,0,,,
10009,pg_operator,11,10,-1,f,c,C,f,t,",",2617,0,0,10008,2290,2291,2402,2403,0,0,0,d,x,f,0,-1,0,0,,,
10008,_pg_operator,11,10,-1,f,b,A,f,t,",",0,6179,10009,0,750,751,2400,2401,0,0,3816,d,x,f,0,-1,0,0,,,
10011,pg_opfamily,11,10,-1,f,c,C,f,t,",",2753,0,0,10010,2290,2291,2402,2403,0,0,0,d,x,f,0,-1,0,0,,,
10010,_pg_opfamily,11,10,-1,f,b,A,f,t,",",0,6179,10011,0,750,751,2400,2401,0,0,3816,d,x,f,0,-1,0,0,,,
10013,pg_opclass,11,10,-1,f,c,C,f,t,",",2616,0,0,10012,2290,2291,2402,2403,0,0,0,d,x,f,0,-1,0,0,,,
10012,_pg_opclass,11,10,-1,f,b,A,f,t,",",0,6179,10013,0,750,751,2400,2401,0,0,3816,d,x,f,0,-1,0,0,,,
10015,pg_am,11,10,-1,f,c,C,f,t,",",2601,0,0,10014,2290,2291,2402,2403,0,0,0,d,x,f,0,-1,0,0,,,
10014,_pg_am,11,10,-1,f,b,A,f,t,",",0,6179,10015,0,750,751,2400,2401,0,0,3816,d,x,f,0,-1,0,0,,,
10017,pg_amop,11,10,-1,f,c,C,f,t,",",2602,0,0,10016,2290,2291,2402,2403,0,0,0,d,x,f,0,-1,0,0,,,
10016,_pg_amop,11,10,-1,f,b,A,f,t,",",0,6179,10017,0,750,751,2400,2401,0,0,3816,d,x,f,0,-1,0,0,,,
10019,pg_amproc,11,10,-1,f,c,C,f,t,",",2603,0,0,10018,2290,2291,2402,2403,0,0,0,d,x,f,0,-1,0,0,,,
10018,_pg_amproc,11,10,-1,f,b,A,f,t,",",0,6179,10019,0,750,751,2400,2401,0,0,3816,d,x,f,0,-1,0,0,,,
10021,pg_language,11,10,-1,f,c,C,f,t,",",2612,0,0,10020,2290,2291,2402,2403,0,0,0,d,x,f,0,-1,0,0,,,
10020,_pg_language,11,10,-1,f,b,A,f,t,",",0,6179,10021,0,750,751,2400,2401,0,0,3816,d,x,f,0,-1,0,0,,,
10023,pg_largeobject_metadata,11,10,-1,f,c,C,f,t,",",2995,0,0,10022,2290,2291,2402,2403,0,0,0,d,x,f,0,-1,0,0,,,
10022,_pg_largeobject_metadata,11,10,-1,f,b,A,f,t,",",0,6179,10023,0,750,751,2400,2401,0,0,3816,d,x,f,0,-1,0,0,,,
10025,pg_largeobject,11,10,-1,f,c,C,f,t,",",2613,0,0,10024,2290,2291,2402,2403,0,0,0,d,x,f,0,-1,0,0,,,
10024,_pg_largeobject,11,10,-1,f,b,A,f,t,",",0,6179,10025,0,750,751,2400,2401,0,0,3816,d,x,f,0,-1,0,0,,,
10027,pg_aggregate,11,10,-1,f,c,C,f,t,",",2600,0,0,10026,2290,2291,2402,2403,0,0,0,d,x,f,0,-1,0,0,,,
10026,_pg_aggregate,11,10,-1,f,b,A,f,t,",",0,6179,10027,0,750,751,2400,2401,0,0,3816,d,x,f,0,-1,0,0,,,
10029,pg_statistic,11,10,-1,f,c,C,f,t,",",2619,0,0,10028,2290,2291,2402,2403,0,0,0,d,x,f,0,-1,0,0,,,
10028,_pg_statistic,11,10,-1,f,b,A,f,t,",",0,6179,10029,0,750,751,2400,2401,0,0,3816,d,x,f,0,-1,0,0,,,
10031,pg_statistic_ext,11,10,-1,f,c,C,f,t,",",3381,0,0,10030,2290,2291,2402,2403,0,0,0,d,x,f,0,-1,0,0,,,
10030,_pg_statistic_ext,11,10,-1,f,b,A,f,t,",",0,6179,10031,0,750,751,2400,2401,0,0,3816,d,x,f,0,-1,0,0,,,
10033,pg_statistic_ext_data,11,10,-1,f,c,C,f,t,",",3429,0,0,10032,2290,2291,2402,2403,0,0,0,d,x,f,0,-1,0,0,,,
10032,_pg_statistic_ext_data,11,10,-1,f,b,A,f,t,",",0,6179,10033,0,750,751,2400,2401,0,0,3816,d,x,f,0,-1,0,0,,,
10035,pg_rewrite,11,10,-1,f,c,C,f,t,",",2618,0,0,10034,2290,2291,2402,2403,0,0,0,d,x,f,0,-1,0,0,,,
10034,_pg_rewrite,11,10,-1,f,b,A,f,t,",",0,6179,10035,0,750,751,2400,2401,0,0,3816,d,x,f,0,-1,0,0,,,
10037,pg_trigger,11,10,-1,f,c,C,f,t,",",2620,0,0,10036,2290,2291,2402,2403,0,0,0,d,x,f,0,-1,0,0,,,
10036,_pg_trigger,11,10,-1,f,b,A,f,t,",",0,6179,10037,0,750,751,2400,2401,0,0,3816,d,x,f,0,-1,0,0,,,
10039,pg_event_trigger,11,10,-1,f,c,C,f,t,",",3466,0,0,10038,2290,2291,2402,2403,0,0,0,d,x,f,0,-1,0,0,,,
10038,_pg_event_trigger,11,10,-1,f,b,A,f,t,",",0,6179,10039,0,750,751,2400,2401,0,0,3816,d,x,f,0,-1,0,0,,,
10041,pg_description,11,10,-1,f,c,C,f,t,",",2609,0,0,10040,2290,2291,2402,2403,0,0,0,d,x,f,0,-1,0,0,,,
10040,_pg_description,11,10,-1,f,b,A,f,t,",",0,6179,10041,0,750,751,2400,2401,0,0,3816,d,x,f,0,-1,0,0,,,
10043,pg_cast,11,10,-1,f,c,C,f,t,",",2605,0,0,10042,2290,2291,2402,2403,0,0,0,d,x,f,0,-1,0,0,,,
10042,_pg_cast,11,10,-1,f,b,A,f,t,",",0,6179,10043,0,750,751,2400,2401,0,0,3816,d,x,f,0,-1,0,0,,,
10045,pg_enum,11,10,-1,f,c,C,f,t,",",3501,0,0,10044,2290,2291,2402,2403,0,0,0,d,x,f,0,-1,0,0,,,
10044,_pg_enum,11,10,-1,f,b,A,f,t,",",0,6179,10045,0,750,751,2400,2401,0,0,3816,d,x,f,0,-1,0,0,,,
10047,pg_namespace,11,10,-1,f,c,C,f,t,",",2615,0,0,10046,2290,2291,2402,2403,0,0,0,d,x,f,0,-1,0,0,,,
10046,_pg_namespace,11,10,-1,f,b,A,f,t,",",0,6179,10047,0,750,751,2400,2401,0,0,3816,d,x,f,0,-1,0,0,,,
10049,pg_conversion,11,10,-1,f,c,C,f,t,",",2607,0,0,10048,2290,2291,2402,2403,0,0,0,d,x,f,0,-1,0,0,,,
10048,_pg_conversion,11,10,-1,f,b,A,f,t,",",0,6179,10049,0,750,751,2400,2401,0,0,3816,d,x,f,0,-1,0,0,,,
10051,pg_depend,11,10,-1,f,c,C,f,t,",",2608,0,0,10050,2290,2291,2402,2403,0,0,0,d,x,f,0,-1,0,0,,,
10050,_pg_depend,11,10,-1,f,b,A,f,t,",",0,6179,10051,0,750,751,2400,2401,0,0,3816,d,x,f,0,-1,0,0,,,
1248,pg_database,11,10,-1,f,c,C,f,t,",",1262,0,0,10052,2290,2291,2402,2403,0,0,0,d,x,f,0,-1,0,0,,,
10052,_pg_database,11,10,-1,f,b,A,f,t,",",0,6179,1248,0,750,751,2400,2401,0,0,3816,d,x,f,0,-1,0,0,,,
10054,pg_db_role_setting,11,10,-1,f,c,C,f,t,",",2964,0,0,10053,2290,2291,2402,2403,0,0,0,d,x,f,0,-1,0,0,,,
10053,_pg_db_role_setting,11,10,-1,f,b,A,f,t,",",0,6179,10054,0,750,751,2400,2401,0,0,3816,d,x,f,0,-1,0,0,,,
10056,pg_tablespace,11,10,-1,f,c,C,f,t,",",1213,0,0,10055,2290,2291,2402,2403,0,0,0,d,x,f,0,-1,0,0,,,
10055,_pg_tablespace,11,10,-1,f,b,A,f,t,",",0,6179,10056,0,750,751,2400,2401,0,0,3816,d,x,f,0,-1,0,0,,,
2842,pg_authid,11,10,-1,f,c,C,f,t,",",1260,0,0,10057,2290,2291,2402,2403,0,0,0,d,x,f,0,-1,0,0,,,
10057,_pg_authid,11,10,-1,f,b,A,f,t,",",0,6179,2842,0,750,751,2400,2401,0,0,3816,d,x,f,0,-1,0,0,,,
2843,pg_auth_members,11,10,-1,f,c,C,f,t,",",1261,0,0,10058,2290,2291,2402,2403,0,0,0,d,x,f,0,-1,0,0,,,
10058,_pg_auth_members,11,10,-1,f,b,A,f,t,",",0,6179,2843,0,750,751,2400,2401,0,0,3816,d,x,f,0,-1,0,0,,,
10060,pg_shdepend,11,10,-1,f,c,C,f,t,",",1214,0,0,10059,2290,2291,2402,2403,0,0,0,d,x,f,0,-1,0,0,,,
10059,_pg_shdepend,11,10,-1,f,b,A,f,t,",",0,6179,10060,0,750,751,2400,2401,0,0,3816,d,x,f,0,-1,0,0,,,
10062,pg_shdescription,11,10,-1,f,c,C,f,t,",",2396,0,0,10061,2290,2291,2402,2403,0,0,0,d,x,f,0,-1,0,0,,,
10061,_pg_shdescription,11,10,-1,f,b,A,f,t,",",0,6179,10062,0,750,751,2400,2401,0,0,3816,d,x,f,0,-1,0,0,,,
10064,pg_ts_config,11,10,-1,f,c,C,f,t,",",3602,0,0,10063,2290,2291,2402,2403,0,0,0,d,x,f,0,-1,0,0,,,
10063,_pg_ts_config,11,10,-1,f,b,A,f,t,",",0,6179,10064,0,750,751,2400,2401,0,0,3816,d,x,f,0,-1,0,0,,,
10066,pg_ts_config_map,11,10,-1,f,c,C,f,t,",",3603,0,0,10065,2290,2291,2402,2403,0,0,0,d,x,f,0,-1,0,0,,,
10065,_pg_ts_config_map,11,10,-1,f,b,A,f,t,",",0,6179,10066,0,750,751,2400,2401,0,0,3816,d,x,f,0,-1,0,0,,,
10068,pg_ts_dict,11,10,-1,f,c,C,f,t,",",3600,0,0,10067,2290,2291,2402,2403,0,0,0,d,x,f,0,-1,0,0,,,
10067,_pg_ts_dict,11,10,-1,f,b,A,f,t,",",0,6179,10068,0,750,751,2400,2401,0,0,3816,d,x,f,0,-1,0,0,,,
10070,pg_ts_parser,11,10,-1,f,c,C,f,t,",",3601,0,0,10069,2290,2291,2402,2403,0,0,0,d,x,f,0,-1,0,0,,,
10069,_pg_ts_parser,11,10,-1,f,b,A,f,t,",",0,6179,10070,0,750,751,2400,2401,0,0,3816,d,x,f,0,-1,0,0,,,
10072,pg_ts_template,11,10,-1,f,c,C,f,t,",",3764,0,0,10071,2290,2291,2402,2403,0,0,0,d,x,f,0,-1,0,0,,,
10071,_pg_ts_template,11,10,-1,f,b,A,f,t,",",0,6179,10072,0,750,751,2400,2401,0,0,3816,d,x,f,0,-1,0,0,,,
10074,pg_extension,11,10,-1,f,c,C,f,t,",",3079,0,0,10073,2290,2291,2402,2403,0,0,0,d,x,f,0,-1,0,0,,,
10073,_pg_extension,11,10,-1,f,b,A,f,t,",",0,6179,10074,0,750,751,2400,2401,0,0,3816,d,x,f,0,-1,0,0,,,
10076,pg_foreign_data_wrapper,11,10,-1,f,c,C,f,t,",",2328,0,0,10075,2290,2291,2402,2403,0,0,0,d,x,f,0,-1,0,0,,,
10075,_pg_foreign_data_wrapper,11,10,-1,f,b,A,f,t,",",0,6179,10076,0,750,751,2400,2401,0,0,3816,d,x,f,0,-1,0,0,,,
10078,pg_foreign_server,11,10,-1,f,c,C,f,t,",",1417,0,0,10077,2290,2291,2402,2403,0,0,0,d,x,f,0,-1,0,0,,,
10077,_pg_foreign_server,11,10,-1,f,b,A,f,t,",",0,6179,10078,0,750,751,2400,2401,0,0,3816,d,x,f,0,-1,0,0,,,
10080,pg_user_mapping,11,10,-1,f,c,C,f,t,",",1418,0,0,10079,2290,2291,2402,2403,0,0,0,d,x,f,0,-1,0,0,,,
10079,_pg_user_mapping,11,10,-1,f,b,A,f,t,",",0,6179,10080,0,750,751,2400,2401,0,0,3816,d,x,f,0,-1,0,0,,,
10082,pg_foreign_table,11,10,-1,f,c,C,f,t,",",3118,0,0,10081,2290,2291,2402,2403,0,0,0,d,x,f,0,-1,0,0,,,
10081,_pg_foreign_table,11,10,-1,f,b,A,f,t,",",0,6179,10082,0,750,751,2400,2401,0,0,3816,d,x,f,0,-1,0,0,,,
10084,pg_policy,11,10,-1,f,c,C,f,t,",",3256,0,0,10083,2290,2291,2402,2403,0,0,0,d,x,f,0,-1,0,0,,,
10083,_pg_policy,11,10,-1,f,b,A,f,t,",",0,6179,10084,0,750,751,2400,2401,0,0,3816,d,x,f,0,-1,0,0,,,
10086,pg_replication_origin,11,10,-1,f,c,C,f,t,",",6000,0,0,10085,2290,2291,2402,2403,0,0,0,d,x,f,0,-1,0,0,,,
10085,_pg_replication_origin,11,10,-1,f,b,A,f,t,",",0,6179,10086,0,750,751,2400,2401,0,0,3816,d,x,f,0,-1,0,0,,,
10088,pg_default_acl,11,10,-1,f,c,C,f,t,",",826,0,0,10087,2290,2291,2402,2403,0,0,0,d,x,f,0,-1,0,0,,,
10087,_pg_default_acl,11,10,-1,f,b,A,f,t,",",0,6179,10088,0,750,751,2400,2401,0,0,3816,d,x,f,0,-1,0,0,,,
10090,pg_init_privs,11,10,-1,f,c,C,f,t,",",3394,0,0,10089,2290,2291,2402,2403,0,0,0,d,x,f,0,-1,0,0,,,
10089,_pg_init_privs,11,10,-1,f,b,A,f,t,",",0,6179,10090,0,750,751,2400,2401,0,0,3816,d,x,f,0,-1,0,0,,,
10092,pg_seclabel,11,10,-1,f,c,C,f,t,",",3596,0,0,10091,2290,2291,2402,2403,0,0,0,d,x,f,0,-1,0,0,,,
10091,_pg_seclabel,11,10,-1,f,b,A,f,t,",",0,6179,10092,0,750,751,2400,2401,0,0,3816,d,x,f,0,-1,0,0,,,
4066,pg_shseclabel,11,10,-1,f,c,C,f,t,",",3592,0,0,10093,2290,2291,2402,2403,0,0,0,d,x,f,0,-1,0,0,,,
10093,_pg_shseclabel,11,10,-1,f,b,A,f,t,",",0,6179,4066,0,750,751,2400,2401,0,0,3816,d,x,f,0,-1,0,0,,,
10095,pg_collation,11,10,-1,f,c,C,f,t,",",3456,0,0,10094,2290,2291,2402,2403,0,0,0,d,x,f,0,-1,0,0,,,
10094,_pg_collation,11,10,-1,f,b,A,f,t,",",0,6179,10095,0,750,751,2400,2401,0,0,3816,d,x,f,0,-1,0,0,,,
10097,pg_parameter_acl,11,10,-1,f,c,C,f,t,",",6243,0,0,10096,2290,2291,2402,2403,0,0,0,d,x,f,0,-1,0,0,,,
10096,_pg_parameter_acl,11,10,-1,f,b,A,f,t,",",0,6179,10097,0,750,751,2400,2401,0,0,3816,d,x,f,0,-1,0,0,,,
10099,pg_partitioned_table,11,10,-1,f,c,C,f,t,",",3350,0,0,10098,2290,2291,2402,2403,0,0,0,d,x,f,0,-1,0,0,,,
10098,_pg_partitioned_table,11,10,-1,f,b,A,f,t,",",0,6179,10099,0,750,751,2400,2401,0,0,3816,d,x,f,0,-1,0,0,,,
10101,pg_range,11,10,-1,f,c,C,f,t,",",3541,0,0,10100,2290,2291,2402,2403,0,0,0,d,x,f,0,-1,0,0,,,
10100,_pg_range,11,10,-1,f,b,A,f,t,",",0,6179,10101,0,750,751,2400,2401,0,0,3816,d,x,f,0,-1,0,0,,,
10103,pg_transform,11,10,-1,f,c,C,f,t,",",3576,0,0,10102,2290,2291,2402,2403,0,0,0,d,x,f,0,-1,0,0,,,
10102,_pg_transform,11,10,-1,f,b,A,f,t,",",0,6179,10103,0,750,751,2400,2401,0,0,3816,d,x,f,0,-1,0,0,,,
10105,pg_sequence,11,10,-1,f,c,C,f,t,",",2224,0,0,10104,2290,2291,2402,2403,0,0,0,d,x,f,0,-1,0,0,,,
10104,_pg_sequence,11,10,-1,f,b,A,f,t,",",0,6179,10105,0,750,751,2400,2401,0,0,3816,d,x,f,0,-1,0,0,,,
10107,pg_publication,11,10,-1,f,c,C,f,t,",",6104,0,0,10106,2290,2291,2402,2403,0,0,0,d,x,f,0,-1,0,0,,,
10106,_pg_publication,11,10,-1,f,b,A,f,t,",",0,6179,10107,0,750,751,2400,2401,0,0,3816,d,x,f,0,-1,0,0,,,
10109,pg_publication_namespace,11,10,-1,f,c,C,f,t,",",6237,0,0,10108,2290,2291,2402,2403,0,0,0,d,x,f,0,-1,0,0,,,
10108,_pg_publication_namespace,11,10,-1,f,b,A,f,t,",",0,6179,10109,0,750,751,2400,2401,0,0,3816,d,x,f,0,-1,0,0,,,
10111,pg_publication_rel,11,10,-1,f,c,C,f,t,",",6106,0,0,10110,2290,2291,2402,2403,0,0,0,d,x,f,0,-1,0,0,,,
10110,_pg_publication_rel,11,10,-1,f,b,A,f,t,",",0,6179,10111,0,750,751,2400,2401,0,0,3816,d,x,f,0,-1,0,0,,,
6101,pg_subscription,11,10,-1,f,c,C,f,t,",",6100,0,0,10112,2290,2291,2402,2403,0,0,0,d,x,f,0,-1,0,0,,,
10112,_pg_subscription,11,10,-1,f,b,A,f,t,",",0,6179,6101,0,750,751,2400,2401,0,0,3816,d,x,f,0,-1,0,0,,,
10114,pg_subscription_rel,11,10,-1,f,c,C,f,t,",",6102,0,0,10113,2290,2291,2402,2403,0,0,0,d,x,f,0,-1,0,0,,,
10113,_pg_subscription_rel,11,10,-1,f,b,A,f,t,",",0,6179,10114,0,750,751,2400,2401,0,0,3816,d,x,f,0,-1,0,0,,,
12002,pg_roles,11,10,-1,f,c,C,f,t,",",12000,0,0,12001,2290,2291,2402,2403,0,0,0,d,x,f,0,-1,0,0,,,
12001,_pg_roles,11,10,-1,f,b,A,f,t,",",0,6179,12002,0,750,751,2400,2401,0,0,3816,d,x,f,0,-1,0,0,,,
12007,pg_shadow,11,10,-1,f,c,C,f,t,",",12005,0,0,12006,2290,2291,2402,2403,0,0,0,d,x,f,0,-1,0,0,,,
12006,_pg_shadow,11,10,-1,f,b,A,f,t,",",0,6179,12007,0,750,751,2400,2401,0,0,3816,d,x,f,0,-1,0,0,,,
12012,pg_group,11,10,-1,f,c,C,f,t,",",12010,0,0,12011,2290,2291,2402,2403,0,0,0,d,x,f,0,-1,0,0,,,
12011,_pg_group,11,10,-1,f,b,A,f,t,",",0,6179,12012,0,750,751,2400,2401,0,0,3816,d,x,f,0,-1,0,0,,,
12016,pg_user,11,10,-1,f,c,C,f,t,",",12014,0,0,12015,2290,2291,2402,2403,0,0,0,d,x,f,0,-1,0,0,,,
12015,_pg_user,11,10,-1,f,b,A,f,t,",",0,6179,12016,0,750,751,2400,2401,0,0,3816,d,x,f,0,-1,0,0,,,
12020,pg_policies,11,10,-1,f,c,C,f,t,",",12018,0,0,12019,2290,2291,2402,2403,0,0,0,d,x,f,0,-1,0,0,,,
12019,_pg_policies,11,10,-1,f,b,A,f,t,",",0,6179,12020,0,750,751,2400,2401,0,0,3816,d,x,f,0,-1,0,0,,,
12025,pg_rules,11,10,-1,f,c,C,f,t,",",12023,0,0,12024,2290,2291,2402,2403,0,0,0,d,x,f,0,-1,0,0,,,
12024,_pg_rules,11,10,-1,f,b,A,f,t,",",0,6179,12025,0,750,751,2400,2401,0,0,3816,d,x,f,0,-1,0,0,,,
12030,pg_views,11,10,-1,f,c,C,f,t,",",12028,0,0,12029,2290,2291,2402,2403,0,0,0,d,x,f,0,-1,0,0,,,
12029,_pg_views,11,10,-1,f,b,A,f,t,",",0,6179,12030,0,750,751,2400,2401,0,0,3816,d,x,f,0,-1,0,0,,,
12035,pg_tables,11,10,-1,f,c,C,f,t,",",12033,0,0,12034,2290,2291,2402,2403,0,0,0,d,x,f,0,-1,0,0,,,
12034,_pg_tables,11,10,-1,f,b,A,f,t,",",0,6179,12035,0,750,751,2400,2401,0,0,3816,d,x,f,0,-1,0,0,,,
12040,pg_matviews,11,10,-1,f,c,C,f,t,",",12038,0,0,12039,2290,2291,2402,2403,0,0,0,d,x,f,0,-1,0,0,,,
12039,_pg_matviews,11,10,-1,f,b,A,f,t,",",0,6179,12040,0,750,751,2400,2401,0,0,3816,d,x,f,0,-1,0,0,,,
12045,pg_indexes,11,10,-1,f,c,C,f,t,",",12043,0,0,12044,2290,2291,2402,2403,0,0,0,d,x,f,0,-1,0,0,,,
12044,_pg_indexes,11,10,-1,f,b,A,f,t,",",0,6179,12045,0,750,751,2400,2401,0,0,3816,d,x,f,0,-1,0,0,,,
12050,pg_sequences,11,10,-1,f,c,C,f,t,",",12048,0,0,12049,2290,2291,2402,2403,0,0,0,d,x,f,0,-1,0,0,,,
12049,_pg_sequences,11,10,-1,f,b,A,f,t,",",0,6179,12050,0,750,751,2400,2401,0,0,3816,d,x,f,0,-1,0,0,,,
12055,pg_stats,11,10,-1,f,c,C,f,t,",",12053,0,0,12054,2290,2291,2402,2403,0,0,0,d,x,f,0,-1,0,0,,,
12054,_pg_stats,11,10,-1,f,b,A,f,t,",",0,6179,12055,0,750,751,2400,2401,0,0,3816,d,x,f,0,-1,0,0,,,
12060,pg_stats_ext,11,10,-1,f,c,C,f,t,",",12058,0,0,12059,2290,2291,2402,2403,0,0,0,d,x,f,0,-1,0,0,,,
12059,_pg_stats_ext,11,10,-1,f,b,A,f,t,",",0,6179,12060,0,750,751,2400,2401,0,0,3816,d,x,f,0,-1,0,0,,,
12065,pg_stats_ext_exprs,11,10,-1,f,c,C,f,t,",",12063,0,0,12064,2290,2291,2402,2403,0,0,0,d,x,f,0,-1,0,0,,,
12064,_pg_stats_ext_exprs,11,10,-1,f,b,A,f,t,",",0,6179,12065,0,750,751,2400,2401,0,0,3816,d,x,f,0,-1,0,0,,,
12070,pg_publication_tables,11,10,-1,f,c,C,f,t,",",12068,0,0,12069,2290,2291,2402,2403,0,0,0,d,x,f,0,-1,0,0,,,
12069,_pg_publication_tables,11,10,-1,f,b,A,f,t,",",0,6179,12070,0,750,751,2400,2401,0,0,3816,d,x,f,0,-1,0,0,,,
12075,pg_locks,11,10,-1,f,c,C,f,t,",",12073,0,0,12074,2290,2291,2402,2403,0,0,0,d,x,f,0,-1,0,0,,,
12074,_pg_locks,11,10,-1,f,b,A,f,t,",",0,6179,12075,0,750,751,2400,2401,0,0,3816,d,x,f,0,-1,0,0,,,
12079,pg_cursors,11,10,-1,f,c,C,f,t,",",12077,0,0,12078,2290,2291,2402,2403,0,0,0,d,x,f,0,-1,0,0,,,
12078,_pg_cursors,11,10,-1,f,b,A,f,t,",",0,6179,12079,0,750,751,2400,2401,0,0,3816,d,x,f,0,-1,0,0,,,
12083,pg_available_extensions,11,10,-1,f,c,C,f,t,",",12081,0,0,12082,2290,2291,2402,2403,0,0,0,d,x,f,0,-1,0,0,,,
12082,_pg_available_extensions,11,10,-1,f,b,A,f,t,",",0,6179,12083,0,750,751,2400,2401,0,0,3816,d,x,f,0,-1,0,0,,,
12087,pg_available_extension_versions,11,10,-1,f,c,C,f,t,",",12085,0,0,12086,2290,2291,2402,2403,0,0,0,d,x,f,0,-1,0,0,,,
12086,_pg_available_extension_versions,11,10,-1,f,b,A,f,t,",",0,6179,12087,0,750,751,2400,2401,0,0,3816,d,x,f,0,-1,0,0,,,
12092,pg_prepared_xacts,11,10,-1,f,c,C,f,t,",",12090,0,0,12091,2290,2291,2402,2403,0,0,0,d,x,f,0,-1,0,0,,,
12091,_pg_prepared_xacts,11,10,-1,f,b,A,f,t,",",0,6179,12092,0,750,751,2400,2401,0,0,3816,d,x,f,0,-1,0,0,,,
12097,pg_prepared_statements,11,10,-1,f,c,C,f,t,",",12095,0,0,12096,2290,2291,2402,2403,0,0,0,d,x,f,0,-1,0,0,,,
12096,_pg_prepared_statements,11,10,-1,f,b,A,f,t,",",0,6179,12097,0,750,751,2400,2401,0,0,3816,d,x,f,0,-1,0,0,,,
12101,pg_seclabels,11,10,-1,f,c,C,f,t,",",12099,0,0,12100,2290,2291,2402,2403,0,0,0,d,x,f,0,-1,0,0,,,
12100,_pg_seclabels,11,10,-1,f,b,A,f,t,",",0,6179,12101,0,750,751,2400,2401,0,0,3816,d,x,f,0,-1,0,0,,,
12106,pg_settings,11,10,-1,f,c,C,f,t,",",12104,0,0,12105,2290,2291,2402,2403,0,0,0,d,x,f,0,-1,0,0,,,
12105,_pg_settings,11,10,-1,f,b,A,f,t,",",0,6179,12106,0,750,751,2400,2401,0,0,3816,d,x,f,0,-1,0,0,,,
12112,pg_file_settings,11,10,-1,f,c,C,f,t,",",12110,0,0,12111,2290,2291,2402,2403,0,0,0,d,x,f,0,-1,0,0,,,
12111,_pg_file_settings,11,10,-1,f,b,A,f,t,",",0,6179,12112,0,750,751,2400,2401,0,0,3816,d,x,f,0,-1,0,0,,,
12116,pg_hba_file_rules,11,10,-1,f,c,C,f,t,",",12114,0,0,12115,2290,2291,2402,2403,0,0,0,d,x,f,0,-1,0,0,,,
12115,_pg_hba_file_rules,11,10,-1,f,b,A,f,t,",",0,6179,12116,0,750,751,2400,2401,0,0,3816,d,x,f,0,-1,0,0,,,
12120,pg_ident_file_mappings,11,10,-1,f,c,C,f,t,",",12118,0,0,12119,2290,2291,2402,2403,0,0,0,d,x,f,0,-1,0,0,,,
12119,_pg_ident_file_mappings,11,10,-1,f,b,A,f,t,",",0,6179,12120,0,750,751,2400,2401,0,0,3816,d,x,f,0,-1,0,0,,,
12124,pg_timezone_abbrevs,11,10,-1,f,c,C,f,t,",",12122,0,0,12123,2290,2291,2402,2403,0,0,0,d,x,f,0,-1,0,0,,,
12123,_pg_timezone_abbrevs,11,10,-1,f,b,A,f,t,",",0,6179,12124,0,750,751,2400,2401,0,0,3816,d,x,f,0,-1,0,0,,,
12128,pg_timezone_names,11,10,-1,f,c,C,f,t,",",12126,0,0,12127,2290,2291,2402,2403,0,0,0,d,x,f,0,-1,0,0,,,
12127,_pg_timezone_names,11,10,-1,f,b,A,f,t,",",0,6179,12128,0,750,751,2400,2401,0,0,3816,d,x,f,0,-1,0,0,,,
12132,pg_config,11,10,-1,f,c,C,f,t,",",12130,0,0,12131,2290,2291,2402,2403,0,0,0,d,x,f,0,-1,0,0,,,
12131,_pg_config,11,10,-1,f,b,A,f,t,",",0,6179,12132,0,750,751,2400,2401,0,0,3816,d,x,f,0,-1,0,0,,,
12136,pg_shmem_allocations,11,10,-1,f,c,C,f,t,",",12134,0,0,12135,2290,2291,2402,2403,0,0,0,d,x,f,0,-1,0,0,,,
12135,_pg_shmem_allocations,11,10,-1,f,b,A,f,t,",",0,6179,12136,0,750,751,2400,2401,0,0,3816,d,x,f,0,-1,0,0,,,
12140,pg_backend_memory_contexts,11,10,-1,f,c,C,f,t,",",12138,0,0,12139,2290,2291,2402,2403,0,0,0,d,x,f,0,-1,0,0,,,
12139,_pg_backend_memory_contexts,11,10,-1,f,b,A,f,t,",",0,6179,12140,0,750,751,2400,2401,0,0,3816,d,x,f,0,-1,0,0,,,
12144,pg_stat_all_tables,11,10,-1,f,c,C,f,t,",",12142,0,0,12143,2290,2291,2402,2403,0,0,0,d,x,f,0,-1,0,0,,,
12143,_pg_stat_all_tables,11,10,-1,f,b,A,f,t,",",0,6179,12144,0,750,751,2400,2401,0,0,3816,d,x,f,0,-1,0,0,,,
12149,pg_stat_xact_all_tables,11,10,-1,f,c,C,f,t,",",12147,0,0,12148,2290,2291,2402,2403,0,0,0,d,x,f,0,-1,0,0,,,
12148,_pg_stat_xact_all_tables,11,10,-1,f,b,A,f,t,",",0,6179,12149,0,750,751,2400,2401,0,0,3816,d,x,f,0,-1,0,0,,,
12154,pg_stat_sys_tables,11,10,-1,f,c,C,f,t,",",12152,0,0,12153,2290,2291,2402,2403,0,0,0,d,x,f,0,-1,0,0,,,
12153,_pg_stat_sys_tables,11,10,-1,f,b,A,f,t,",",0,6179,12154,0,750,751,2400,2401,0,0,3816,d,x,f,0,-1,0,0,,,
12159,pg_stat_xact_sys_tables,11,10,-1,f,c,C,f,t,",",12157,0,0,12158,2290,2291,2402,2403,0,0,0,d,x,f,0,-1,0,0,,,
12158,_pg_stat_xact_sys_tables,11,10,-1,f,b,A,f,t,",",0,6179,12159,0,750,751,2400,2401,0,0,3816,d,x,f,0,-1,0,0,,,
12163,pg_stat_user_tables,11,10,-1,f,c,C,f,t,",",12161,0,0,12162,2290,2291,2402,2403,0,0,0,d,x,f,0,-1,0,0,,,
12162,_pg_stat_user_tables,11,10,-1,f,b,A,f,t,",",0,6179,12163,0,750,751,2400,2401,0,0,3816,d,x,f,0,-1,0,0,,,
12168,pg_stat_xact_user_tables,11,10,-1,f,c,C,f,t,",",12166,0,0,12167,2290,2291,2402,2403,0,0,0,d,x,f,0,-1,0,0,,,
12167,_pg_stat_xact_user_tables,11,10,-1,f,b,A,f,t,",",0,6179,12168,0,750,751,2400,2401,0,0,3816,d,x,f,0,-1,0,0,,,
12172,pg_statio_all_tables,11,10,-1,f,c,C,f,t,",",12170,0,0,12171,2290,2291,2402,2403,0,0,0,d,x,f,0,-1,0,0,,,
12171,_pg_statio_all_tables,11,10,-1,f,b,A,f,t,",",0,6179,12172,0,750,751,2400,2401,0,0,3816,d,x,f,0,-1,0,0,,,
12177,pg_statio_sys_tables,11,10,-1,f,c,C,f,t,",",12175,0,0,12176,2290,2291,2402,2403,0,0,0,d,x,f,0,-1,0,0,,,
12176,_pg_statio_sys_tables,11,10,-1,f,b,A,f,t,",",0,6179,12177,0,750,751,2400,2401,0,0,3816,d,x,f,0,-1,0,0,,,
12181,pg_statio_user_tables,11,10,-1,f,c,C,f,t,",",12179,0,0,12180,2290,2291,2402,2403,0,0,0,d,x,f,0,-1,0,0,,,
12180,_pg_statio_user_tables,11,10,-1,f,b,A,f,t,",",0,6179,12181,0,750,751,2400,2401,0,0,3816,d,x,f,0,-1,0,0,,,
12185,pg_stat_all_indexes,11,10,-1,f,c,C,f,t,",",12183,0,0,12184,2290,2291,2402,2403,0,0,0,d,x,f,0,-1,0,0,,,
12184,_pg_stat_all_indexes,11,10,-1,f,b,A,f,t,",",0,6179,12185,0,750,751,2400,2401,0,0,3816,d,x,f,0,-1,0,0,,,
12190,pg_stat_sys_indexes,11,10,-1,f,c,C,f,t,",",12188,0,0,12189,2290,2291,2402,2403,0,0,0,d,x,f,0,-1,0,0,,,
12189,_pg_stat_sys_indexes,11,10,-1,f,b,A,f,t,",",0,6179,12190,0,750,751,2400,2401,0,0,3816,d,x,f,0,-1,0,0,,,
12194,pg_stat_user_indexes,11,10,-1,f,c,C,f,t,",",12192,0,0,12193,2290,2291,2402,2403,0,0,0,d,x,f,0,-1,0,0,,,
12193,_pg_stat_user_indexes,11,10,-1,f,b,A,f,t,",",0,6179,12194,0,750,751,2400,2401,0,0,3816,d,x,f,0,-1,0,0,,,
12198,pg_statio_all_indexes,11,10,-1,f,c,C,f,t,",",12196,0,0,12197,2290,2291,2402,2403,0,0,0,d,x,f,0,-1,0,0,,,
12197,_pg_statio_all_indexes,11,10,-1,f,b,A,f,t,",",0,6179,12198,0,750,751,2400,2401,0,0,3816,d,x,f,0,-1,0,0,,,
12203,pg_statio_sys_indexes,11,10,-1,f,c,C,f,t,",",12201,0,0,12202,2290,2291,2402,2403,0,0,0,d,x,f,0,-1,0,0,,,
12202,_pg_statio_sys_indexes,11,10,-1,f,b,A,f,t,",",0,6179,12203,0,750,751,2400,2401,0,0,3816,d,x,f,0,-1,0,0,,,
12207,pg_statio_user_indexes,11,10,-1,f,c,C,f,t,",",12205,0,0,12206,2290,2291,2402,2403,0,0,0,d,x,f,0,-1,0,0,,,
12206,_pg_statio_user_indexes,11,10,-1,f,b,A,f,t,",",0,6179,12207,0,750,751,2400,2401,0,0,3816,d,x,f,0,-1,0,0,,,
12211,pg_statio_all_sequences,11,10,-1,f,c,C,f,t,",",12209,0,0,12210,2290,2291,2402,2403,0,0,0,d,x,f,0,-1,0,0,,,
12210,_pg_statio_all_sequences,11,10,-1,f,b,A,f,t,",",0,6179,12211,0,750,751,2400,2401,0,0,3816,d,x,f,0,-1,0,0,,,
12216,pg_statio_sys_sequences,11,10,-1,f,c,C,f,t,",",12214,0,0,12215,2290,2291,2402,2403,0,0,0,d,x,f,0,-1,0,0,,,
12215,_pg_statio_sys_sequences,11,10,-1,f,b,A,f,t,",",0,6179,12216,0,750,751,2400,2401,0,0,3816,d,x,f,0,-1,0,0,,,
12220,pg_statio_user_sequences,11,10,-1,f,c,C,f,t,",",12218,0,0,12219,2290,2291,2402,2403,0,0,0,d,x,f,0,-1,0,0,,,
12219,_pg_statio_user_sequences,11,10,-1,f,b,A,f,t,",",0,6179,12220,0,750,751,2400,2401,0,0,3816,d,x,f,0,-1,0,0,,,
12224,pg_stat_activity,11,10,-1,f,c,C,f,t,",",12222,0,0,12223,2290,2291,2402,2403,0,0,0,d,x,f,0,-1,0,0,,,
12223,_pg_stat_activity,11,10,-1,f,b,A,f,t,",",0,6179,12224,0,750,751,2400,2401,0,0,3816,d,x,f,0,-1,0,0,,,
12229,pg_stat_replication,11,10,-1,f,c,C,f,t,",",12227,0,0,12228,2290,2291,2402,2403,0,0,0,d,x,f,0,-1,0,0,,,
12228,_pg_stat_replication,11,10,-1,f,b,A,f,t,",",0,6179,12229,0,750,751,2400,2401,0,0,3816,d,x,f,0,-1,0,0,,,
12234,pg_stat_slru,11,10,-1,f,c,C,f,t,",",12232,0,0,12233,2290,2291,2402,2403,0,0,0,d,x,f,0,-1,0,0,,,
12233,_pg_stat_slru,11,10,-1,f,b,A,f,t,",",0,6179,12234,0,750,751,2400,2401,0,0,3816,d,x,f,0,-1,0,0,,,
12238,pg_stat_wal_receiver,11,10,-1,f,c,C,f,t,",",12236,0,0,12237,2290,2291,2402,2403,0,0,0,d,x,f,0,-1,0,0,,,
12237,_pg_stat_wal_receiver,11,10,-1,f,b,A,f,t,",",0,6179,12238,0,750,751,2400,2401,0,0,3816,d,x,f,0,-1,0,0,,,
12242,pg_stat_recovery_prefetch,11,10,-1,f,c,C,f,t,",",12240,0,0,12241,2290,2291,2402,2403,0,0,0,d,x,f,0,-1,0,0,,,
12241,_pg_stat_recovery_prefetch,11,10,-1,f,b,A,f,t,",",0,6179,12242,0,750,751,2400,2401,0,0,3816,d,x,f,0,-1,0,0,,,
12246,pg_stat_subscription,11,10,-1,f,c,C,f,t,",",12244,0,0,12245,2290,2291,2402,2403,0,0,0,d,x,f,0,-1,0,0,,,
12245,_pg_stat_subscription,11,10,-1,f,b,A,f,t,",",0,6179,12246,0,750,751,2400,2401,0,0,3816,d,x,f,0,-1,0,0,,,
12251,pg_stat_ssl,11,10,-1,f,c,C,f,t,",",12249,0,0,12250,2290,2291,2402,2403,0,0,0,d,x,f,0,-1,0,0,,,
12250,_pg_stat_ssl,11,10,-1,f,b,A,f,t,",",0,6179,12251,0,750,751,2400,2401,0,0,3816,d,x,f,0,-1,0,0,,,
12255,pg_stat_gssapi,11,10,-1,f,c,C,f,t,",",12253,0,0,12254,2290,2291,2402,2403,0,0,0,d,x,f,0,-1,0,0,,,
12254,_pg_stat_gssapi,11,10,-1,f,b,A,f,t,",",0,6179,12255,0,750,751,2400,2401,0,0,3816,d,x,f,0,-1,0,0,,,
12259,pg_replication_slots,11,10,-1,f,c,C,f,t,",",12257,0,0,12258,2290,2291,2402,2403,0,0,0,d,x,f,0,-1,0,0,,,
12258,_pg_replication_slots,11,10,-1,f,b,A,f,t,",",0,6179,12259,0,750,751,2400,2401,0,0,3816,d,x,f,0,-1,0,0,,,
12264,pg_stat_replication_slots,11,10,-1,f,c,C,f,t,",",12262,0,0,12263,2290,2291,2402,2403,0,0,0,d,x,f,0,-1,0,0,,,
12263,_pg_stat_replication_slots,11,10,-1,f,b,A,f,t,",",0,6179,12264,0,750,751,2400,2401,0,0,3816,d,x,f,0,-1,0,0,,,
12268,pg_stat_database,11,10,-1,f,c,C,f,t,",",12266,0,0,12267,2290,2291,2402,2403,0,0,0,d,x,f,0,-1,0,0,,,
12267,_pg_stat_database,11,10,-1,f,b,A,f,t,",",0,6179,12268,0,750,751,2400,2401,0,0,3816,d,x,f,0,-1,0,0,,,
12273,pg_stat_database_conflicts,11,10,-1,f,c,C,f,t,",",12271,0,0,12272,2290,2291,2402,2403,0,0,0,d,x,f,0,-1,0,0,,,
12272,_pg_stat_database_conflicts,11,10,-1,f,b,A,f,t,",",0,6179,12273,0,750,751,2400,2401,0,0,3816,d,x,f,0,-1,0,0,,,
12277,pg_stat_user_functions,11,10,-1,f,c,C,f,t,",",12275,0,0,12276,2290,2291,2402,2403,0,0,0,d,x,f,0,-1,0,0,,,
12276,_pg_stat_user_functions,11,10,-1,f,b,A,f,t,",",0,6179,12277,0,750,751,2400,2401,0,0,3816,d,x,f,0,-1,0,0,,,
12282,pg_stat_xact_user_functions,11,10,-1,f,c,C,f,t,",",12280,0,0,12281,2290,2291,2402,2403,0,0,0,d,x,f,0,-1,0,0,,,
12281,_pg_stat_xact_user_functions,11,10,-1,f,b,A,f,t,",",0,6179,12282,0,750,751,2400,2401,0,0,3816,d,x,f,0,-1,0,0,,,
12287,pg_stat_archiver,11,10,-1,f,c,C,f,t,",",12285,0,0,12286,2290,2291,2402,2403,0,0,0,d,x,f,0,-1,0,0,,,
12286,_pg_stat_archiver,11,10,-1,f,b,A,f,t,",",0,6179,12287,0,750,751,2400,2401,0,0,3816,d,x,f,0,-1,0,0,,,
12291,pg_stat_bgwriter,11,10,-1,f,c,C,f,t,",",12289,0,0,12290,2290,2291,2402,2403,0,0,0,d,x,f,0,-1,0,0,,,
12290,_pg_stat_bgwriter,11,10,-1,f,b,A,f,t,",",0,6179,12291,0,750,751,2400,2401,0,0,3816,d,x,f,0,-1,0,0,,,
12295,pg_stat_checkpointer,11,10,-1,f,c,C,f,t,",",12293,0,0,12294,2290,2291,2402,2403,0,0,0,d,x,f,0,-1,0,0,,,
12294,_pg_stat_checkpointer,11,10,-1,f,b,A,f,t,",",0,6179,12295,0,750,751,2400,2401,0,0,3816,d,x,f,0,-1,0,0,,,
12299,pg_stat_io,11,10,-1,f,c,C,f,t,",",12297,0,0,12298,2290,2291,2402,2403,0,0,0,d,x,f,0,-1,0,0,,,
12298,_pg_stat_io,11,10,-1,f,b,A,f,t,",",0,6179,12299,0,750,751,2400,2401,0,0,3816,d,x,f,0,-1,0,0,,,
12303,pg_stat_wal,11,10,-1,f,c,C,f,t,",",12301,0,0,12302,2290,2291,2402,2403,0,0,0,d,x,f,0,-1,0,0,,,
12302,_pg_stat_wal,11,10,-1,f,b,A,f,t,",",0,6179,12303,0,750,751,2400,2401,0,0,3816,d,x,f,0,-1,0,0,,,
12307,pg_stat_progress_analyze,11,10,-1,f,c,C,f,t,",",12305,0,0,12306,2290,2291,2402,2403,0,0,0,d,x,f,0,-1,0,0,,,
12306,_pg_stat_progress_analyze,11,10,-1,f,b,A,f,t,",",0,6179,12307,0,750,751,2400,2401,0,0,3816,d,x,f,0,-1,0,0,,,
12312,pg_stat_progress_vacuum,11,10,-1,f,c,C,f,t,",",12310,0,0,12311,2290,2291,2402,2403,0,0,0,d,x,f,0,-1,0,0,,,
12311,_pg_stat_progress_vacuum,11,10,-1,f,b,A,f,t,",",0,6179,12312,0,750,751,2400,2401,0,0,3816,d,x,f,0,-1,0,0,,,
12317,pg_stat_progress_cluster,11,10,-1,f,c,C,f,t,",",12315,0,0,12316,2290,2291,2402,2403,0,0,0,d,x,f,0,-1,0,0,,,
12316,_pg_stat_progress_cluster,11,10,-1,f,b,A,f,t,",",0,6179,12317,0,750,751,2400,2401,0,0,3816,d,x,f,0,-1,0,0,,,
12322,pg_stat_progress_create_index,11,10,-1,f,c,C,f,t,",",12320,0,0,12321,2290,2291,2402,2403,0,0,0,d,x,f,0,-1,0,0,,,
12321,_pg_stat_progress_create_index,11,10,-1,f,b,A,f,t,",",0,6179,12322,0,750,751,2400,2401,0,0,3816,d,x,f,0,-1,0,0,,,
12327,pg_stat_progress_basebackup,11,10,-1,f,c,C,f,t,",",12325,0,0,12326,2290,2291,2402,2403,0,0,0,d,x,f,0,-1,0,0,,,
12326,_pg_stat_progress_basebackup,11,10,-1,f,b,A,f,t,",",0,6179,12327,0,750,751,2400,2401,0,0,3816,d,x,f,0,-1,0,0,,,
12331,pg_stat_progress_copy,11,10,-1,f,c,C,f,t,",",12329,0,0,12330,2290,2291,2402,2403,0,0,0,d,x,f,0,-1,0,0,,,
12330,_pg_stat_progress_copy,11,10,-1,f,b,A,f,t,",",0,6179,12331,0,750,751,2400,2401,0,0,3816,d,x,f,0,-1,0,0,,,
12336,pg_user_mappings,11,10,-1,f,c,C,f,t,",",12334,0,0,12335,2290,2291,2402,2403,0,0,0,d,x,f,0,-1,0,0,,,
12335,_pg_user_mappings,11,10,-1,f,b,A,f,t,",",0,6179,12336,0,750,751,2400,2401,0,0,3816,d,x,f,0,-1,0,0,,,
12341,pg_replication_origin_status,11,10,-1,f,c,C,f,t,",",12339,0,0,12340,2290,2291,2402,2403,0,0,0,d,x,f,0,-1,0,0,,,
12340,_pg_replication_origin_status,11,10,-1,f,b,A,f,t,",",0,6179,12341,0,750,751,2400,2401,0,0,3816,d,x,f,0,-1,0,0,,,
12345,pg_stat_subscription_stats,11,10,-1,f,c,C,f,t,",",12343,0,0,12344,2290,2291,2402,2403,0,0,0,d,x,f,0,-1,0,0,,,
12344,_pg_stat_subscription_stats,11,10,-1,f,b,A,f,t,",",0,6179,12345,0,750,751,2400,2401,0,0,3816,d,x,f,0,-1,0,0,,,
12349,pg_wait_events,11,10,-1,f,c,C,f,t,",",12347,0,0,12348,2290,2291,2402,2403,0,0,0,d,x,f,0,-1,0,0,,,
12348,_pg_wait_events,11,10,-1,f,b,A,f,t,",",0,6179,12349,0,750,751,2400,2401,0,0,3816,d,x,f,0,-1,0,0,,,
13233,cardinal_number,13219,10,4,t,d,N,f,t,",",0,0,0,13232,2597,43,2598,2407,0,0,0,i,p,f,23,-1,0,0,,,
13232,_cardinal_number,13219,10,-1,f,b,A,f,t,",",0,6179,13233,0,750,751,2400,2401,0,0,3816,i,x,f,0,-1,0,0,,,
13236,character_data,13219,10,-1,f,d,S,f,t,",",0,0,0,13235,2597,1047,2598,2433,0,0,0,i,x,f,1043,-1,0,950,,,
13235,_character_data,13219,10,-1,f,b,A,f,t,",",0,6179,13236,0,750,751,2400,2401,0,0,3816,i,x,f,0,-1,0,950,,,
13238,sql_identifier,13219,10,64,f,d,S,f,t,",",0,0,0,13237,2597,35,2598,2423,0,0,0,c,p,f,19,-1,0,950,,,
13237,_sql_identifier,13219,10,-1,f,b,A,f,t,",",0,6179,13238,0,750,751,2400,2401,0,0,3816,i,x,f,0,-1,0,950,,,
13241,information_schema_catalog_name,13219,10,-1,f,c,C,f,t,",",13239,0,0,13240,2290,2291,2402,2403,0,0,0,d,x,f,0,-1,0,0,,,
13240,_information_schema_catalog_name,13219,10,-1,f,b,A,f,t,",",0,6179,13241,0,750,751,2400,2401,0,0,3816,d,x,f,0,-1,0,0,,,
13244,time_stamp,13219,10,8,t,d,D,f,t,",",0,0,0,13243,2597,1151,2598,2477,0,0,0,d,p,f,1184,2,0,0,{SQLVALUEFUNCTION :op 4 :type 1184 :typmod 2 :location -1},CURRENT_TIMESTAMP(2),
13243,_time_stamp,13219,10,-1,f,b,A,f,t,",",0,6179,13244,0,750,751,2400,2401,0,0,3816,d,x,f,0,-1,0,0,,,
13246,yes_or_no,13219,10,-1,f,d,S,f,t,",",0,0,0,13245,2597,1047,2598,2433,0,0,0,i,x,f,1043,7,0,950,,,
13245,_yes_or_no,13219,10,-1,f,b,A,f,t,",",0,6179,13246,0,750,751,2400,2401,0,0,3816,i,x,f,0,-1,0,950,,,
13250,applicable_roles,13219,10,-1,f,c,C,f,t,",",13248,0,0,13249,2290,2291,2402,2403,0,0,0,d,x,f,0,-1,0,0,,,
13249,_applicable_roles,13219,10,-1,f,b,A,f,t,",",0,6179,13250,0,750,751,2400,2401,0,0,3816,d,x,f,0,-1,0,0,,,
13255,administrable_role_authorizations,13219,10,-1,f,c,C,f,t,",",13253,0,0,13254,2290,2291,2402,2403,0,0,0,d,x,f,0,-1,0,0,,,
13254,_administrable_role_authorizations,13219,10,-1,f,b,A,f,t,",",0,6179,13255,0,750,751,2400,2401,0,0,3816,d,x,f,0,-1,0,0,,,
13259,attributes,13219,10,-1,f,c,C,f,t,",",13257,0,0,13258,2290,2291,2402,2403,0,0,0,d,x,f,0,-1,0,0,,,
13258,_attributes,13219,10,-1,f,b,A,f,t,",",0,6179,13259,0,750,751,2400,2401,0,0,3816,d,x,f,0,-1,0,0,,,
13264,character_sets,13219,10,-1,f,c,C,f,t,",",13262,0,0,13263,2290,2291,2402,2403,0,0,0,d,x,f,0,-1,0,0,,,
13263,_character_sets,13219,10,-1,f,b,A,f,t,",",0,6179,13264,0,750,751,2400,2401,0,0,3816,d,x,f,0,-1,0,0,,,
13269,check_constraint_routine_usage,13219,10,-1,f,c,C,f,t,",",13267,0,0,13268,2290,2291,2402,2403,0,0,0,d,x,f,0,-1,0,0,,,
13268,_check_constraint_routine_usage,13219,10,-1,f,b,A,f,t,",",0,6179,13269,0,750,751,2400,2401,0,0,3816,d,x,f,0,-1,0,0,,,
13274,check_constraints,13219,10,-1,f,c,C,f,t,",",13272,0,0,13273,2290,2291,2402,2403,0,0,0,d,x,f,0,-1,0,0,,,
13273,_check_constraints,13219,10,-1,f,b,A,f,t,",",0,6179,13274,0,750,751,2400,2401,0,0,3816,d,x,f,0,-1,0,0,,,
13279,collations,13219,10,-1,f,c,C,f,t,",",13277,0,0,13278,2290,2291,2402,2403,0,0,0,d,x,f,0,-1,0,0,,,
13278,_collations,13219,10,-1,f,b,A,f,t,",",0,6179,13279,0,750,751,2400,2401,0,0,3816,d,x,f,0,-1,0,0,,,
13284,collation_character_set_applicability,13219,10,-1,f,c,C,f,t,",",13282,0,0,13283,2290,2291,2402,2403,0,0,0,d,x,f,0,-1,0,0,,,
13283,_collation_character_set_applicability,13219,10,-1,f,b,A,f,t,",",0,6179,13284,0,750,751,2400,2401,0,0,3816,d,x,f,0,-1,0,0,,,
13289,column_column_usage,13219,10,-1,f,c,C,f,t,",",13287,0,0,13288,2290,2291,2402,2403,0,0,0,d,x,f,0,-1,0,0,,,
13288,_column_column_usage,13219,10,-1,f,b,A,f,t,",",0,6179,13289,0,750,751,2400,2401,0,0,3816,d,x,f,0,-1,0,0,,,
13294,column_domain_usage,13219,10,-1,f,c,C,f,t,",",13292,0,0,13293,2290,2291,2402,2403,0,0,0,d,x,f,0,-1,0,0,,,
13293,_column_domain_usage,13219,10,-1,f,b,A,f,t,",",0,6179,13294,0,750,751,2400,2401,0,0,3816,d,x,f,0,-1,0,0,,,
13299,column_privileges,13219,10,-1,f,c,C,f,t,",",13297,0,0,13298,2290,2291,2402,2403,0,0,0,d,x,f,0,-1,0,0,,,
13298,_column_privileges,13219,10,-1,f,b,A,f,t,",",0,6179,13299,0,750,751,2400,2401,0,0,3816,d,x,f,0,-1,0,0,,,
13304,column_udt_usage,13219,10,-1,f,c,C,f,t,",",13302,0,0,13303,2290,2291,2402,2403,0,0,0,d,x,f,0,-1,0,0,,,
13303,_column_udt_usage,13219,10,-1,f,b,A,f,t,",",0,6179,13304,0,750,751,2400,2401,0,0,3816,d,x,f,0,-1,0,0,,,
13309,columns,13219,10,-1,f,c,C,f,t,",",13307,0,0,13308,2290,2291,2402,2403,0,0,0,d,x,f,0,-1,0,0,,,
13308,_columns,13219,10,-1,f,b,A,f,t,",",0,6179,13309,0,750,751,2400,2401,0,0,3816,d,x,f,0,-1,0,0,,,
13314,constraint_column_usage,13219,10,-1,f,c,C,f,t,",",13312,0,0,13313,2290,2291,2402,2403,0,0,0,d,x,f,0,-1,0,0,,,
13313,_constraint_column_usage,13219,10,-1,f,b,A,f,t,",",0,6179,13314,0,750,751,2400,2401,0,0,3816,d,x,f,0,-1,0,0,,,
13319,constraint_table_usage,13219,10,-1,f,c,C,f,t,",",13317,0,0,13318,2290,2291,2402,2403,0,0,0,d,x,f,0,-1,0,0,,,
13318,_constraint_table_usage,13219,10,-1,f,b,A,f,t,",",0,6179,13319,0,750,751,2400,2401,0,0,3816,d,x,f,0,-1,0,0,,,
13324,domain_constraints,13219,10,-1,f,c,C,f,t,",",13322,0,0,13323,2290,2291,2402,2403,0,0,0,d,x,f,0,-1,0,0,,,
13323,_domain_constraints,13219,10,-1,f,b,A,f,t,",",0,6179,13324,0,750,751,2400,2401,0,0,3816,d,x,f,0,-1,0,0,,,
13329,domain_udt_usage,13219,10,-1,f,c,C,f,t,",",13327,0,0,13328,2290,2291,2402,2403,0,0,0,d,x,f,0,-1,0,0,,,
13328,_domain_udt_usage,13219,10,-1,f,b,A,f,t,",",0,6179,13329,0,750,751,2400,2401,0,0,3816,d,x,f,0,-1,0,0,,,
13333,domains,13219,10,-1,f,c,C,f,t,",",13331,0,0,13332,2290,2291,2402,2403,0,0,0,d,x,f,0,-1,0,0,,,
13332,_domains,13219,10,-1,f,b,A,f,t,",",0,6179,13333,0,750,751,2400,2401,0,0,3816,d,x,f,0,-1,0,0,,,
13338,enabled_roles,13219,10,-1,f,c,C,f,t,",",13336,0,0,13337,2290,2291,2402,2403,0,0,0,d,x,f,0,-1,0,0,,,
13337,_enabled_roles,13219,10,-1,f,b,A,f,t,",",0,6179,13338,0,750,751,2400,2401,0,0,3816,d,x,f,0,-1,0,0,,,
13342,key_column_usage,13219,10,-1,f,c,C,f,t,",",13340,0,0,13341,2290,2291,2402,2403,0,0,0,d,x,f,0,-1,0,0,,,
13341,_key_column_usage,13219,10,-1,f,b,A,f,t,",",0,6179,13342,0,750,751,2400,2401,0,0,3816,d,x,f,0,-1,0,0,,,
13347,parameters,13219,10,-1,f,c,C,f,t,",",13345,0,0,13346,2290,2291,2402,2403,0,0,0,d,x,f,0,-1,0,0,,,
13346,_parameters,13219,10,-1,f,b,A,f,t,",",0,6179,13347,0,750,751,2400,2401,0,0,3816,d,x,f,0,-1,0,0,,,
13352,referential_constraints,13219,10,-1,f,c,C,f,t,",",13350,0,0,13351,2290,2291,2402,2403,0,0,0,d,x,f,0,-1,0,0,,,
13351,_referential_constraints,13219,10,-1,f,b,A,f,t,",",0,6179,13352,0,750,751,2400,2401,0,0,3816,d,x,f,0,-1,0,0,,,
13357,role_column_grants,13219,10,-1,f,c,C,f,t,",",13355,0,0,13356,2290,2291,2402,2403,0,0,0,d,x,f,0,-1,0,0,,,
13356,_role_column_grants,13219,10,-1,f,b,A,f,t,",",0,6179,13357,0,750,751,2400,2401,0,0,3816,d,x,f,0,-1,0,0,,,
13361,routine_column_usage,13219,10,-1,f,c,C,f,t,",",13359,0,0,13360,2290,2291,2402,2403,0,0,0,d,x,f,0,-1,0,0,,,
13360,_routine_column_usage,13219,10,-1,f,b,A,f,t,",",0,6179,13361,0,750,751,2400,2401,0,0,3816,d,x,f,0,-1,0,0,,,
13366,routine_privileges,13219,10,-1,f,c,C,f,t,",",13364,0,0,13365,2290,2291,2402,2403,0,0,0,d,x,f,0,-1,0,0,,,
13365,_routine_privileges,13219,10,-1,f,b,A,f,t,",",0,6179,13366,0,750,751,2400,2401,0,0,3816,d,x,f,0,-1,0,0,,,
13371,role_routine_grants,13219,10,-1,f,c,C,f,t,",",13369,0,0,13370,2290,2291,2402,2403,0,0,0,d,x,f,0,-1,0,0,,,
13370,_role_routine_grants,13219,10,-1,f,b,A,f,t,",",0,6179,13371,0,750,751,2400,2401,0,0,3816,d,x,f,0,-1,0,0,,,
13375,routine_routine_usage,13219,10,-1,f,c,C,f,t,",",13373,0,0,13374,2290,2291,2402,2403,0,0,0,d,x,f,0,-1,0,0,,,
13374,_routine_routine_usage,13219,10,-1,f,b,A,f,t,",",0,6179,13375,0,750,751,2400,2401,0,0,3816,d,x,f,0,-1,0,0,,,
13380,routine_sequence_usage,13219,10,-1,f,c,C,f,t,",",13378,0,0,13379,2290,2291,2402,2403,0,0,0,d,x,f,0,-1,0,0,,,
13379,_routine_sequence_usage,13219,10,-1,f,b,A,f,t,",",0,6179,13380,0,750,751,2400,2401,0,0,3816,d,x,f,0,-1,0,0,,,
13385,routine_table_usage,13219,10,-1,f,c,C,f,t,",",13383,0,0,13384,2290,2291,2402,2403,0,0,0,d,x,f,0,-1,0,0,,,
13384,_routine_table_usage,13219,10,-1,f,b,A,f,t,",",0,6179,13385,0,750,751,2400,2401,0,0,3816,d,x,f,0,-1,0,0,,,
13390,routines,13219,10,-1,f,c,C,f,t,",",13388,0,0,13389,2290,2291,2402,2403,0,0,0,d,x,f,0,-1,0,0,,,
13389,_routines,13219,10,-1,f,b,A,f,t,",",0,6179,13390,0,750,751,2400,2401,0,0,3816,d,x,f,0,-1,0,0,,,
13395,schemata,13219,10,-1,f,c,C,f,t,",",13393,0,0,13394,2290,2291,2402,2403,0,0,0,d,x,f,0,-1,0,0,,,
13394,_schemata,13219,10,-1,f,b,A,f,t,",",0,6179,13395,0,750,751,2400,2401,0,0,3816,d,x,f,0,-1,0,0,,,
13399,sequences,13219,10,-1,f,c,C,f,t,",",13397,0,0,13398,2290,2291,2402,2403,0,0,0,d,x,f,0,-1,0,0,,,
13398,_sequences,13219,10,-1,f,b,A,f,t,",",0,6179,13399,0,750,751,2400,2401,0,0,3816,d,x,f,0,-1,0,0,,,
13404,sql_features,13219,10,-1,f,c,C,f,t,",",13402,0,0,13403,2290,2291,2402,2403,0,0,0,d,x,f,0,-1,0,0,,,
13403,_sql_features,13219,10,-1,f,b,A,f,t,",",0,6179,13404,0,750,751,2400,2401,0,0,3816,d,x,f,0,-1,0,0,,,
13409,sql_implementation_info,13219,10,-1,f,c,C,f,t,",",13407,0,0,13408,2290,2291,2402,2403,0,0,0,d,x,f,0,-1,0,0,,,
13408,_sql_implementation_info,13219,10,-1,f,b,A,f,t,",",0,6179,13409,0,750,751,2400,2401,0,0,3816,d,x,f,0,-1,0,0,,,
13414,sql_parts,13219,10,-1,f,c,C,f,t,",",13412,0,0,13413,2290,2291,2402,2403,0,0,0,d,x,f,0,-1,0,0,,,
13413,_sql_parts,13219,10,-1,f,b,A,f,t,",",0,6179,13414,0,750,751,2400,2401,0,0,3816,d,x,f,0,-1,0,0,,,
13419,sql_sizing,13219,10,-1,f,c,C,f,t,",",13417,0,0,13418,2290,2291,2402,2403,0,0,0,d,x,f,0,-1,0,0,,,
13418,_sql_sizing,13219,10,-1,f,b,A,f,t,",",0,6179,13419,0,750,751,2400,2401,0,0,3816,d,x,f,0,-1,0,0,,,
13424,table_constraints,13219,10,-1,f,c,C,f,t,",",13422,0,0,13423,2290,2291,2402,2403,0,0,0,d,x,f,0,-1,0,0,,,
13423,_table_constraints,13219,10,-1,f,b,A,f,t,",",0,6179,13424,0,750,751,2400,2401,0,0,3816,d,x,f,0,-1,0,0,,,
13429,table_privileges,13219,10,-1,f,c,C,f,t,",",13427,0,0,13428,2290,2291,2402,2403,0,0,0,d,x,f,0,-1,0,0,,,
13428,_table_privileges,13219,10,-1,f,b,A,f,t,",",0,6179,13429,0,750,751,2400,2401,0,0,3816,d,x,f,0,-1,0,0,,,
13434,role_table_grants,13219,10,-1,f,c,C,f,t,",",13432,0,0,13433,2290,2291,2402,2403,0,0,0,d,x,f,0,-1,0,0,,,
13433,_role_table_grants,13219,10,-1,f,b,A,f,t,",",0,6179,13434,0,750,751,2400,2401,0,0,3816,d,x,f,0,-1,0,0,,,
13438,tables,13219,10,-1,f,c,C,f,t,",",13436,0,0,13437,2290,2291,2402,2403,0,0,0,d,x,f,0,-1,0,0,,,
13437,_tables,13219,10,-1,f,b,A,f,t,",",0,6179,13438,0,750,751,2400,2401,0,0,3816,d,x,f,0,-1,0,0,,,
13443,transforms,13219,10,-1,f,c,C,f,t,",",13441,0,0,13442,2290,2291,2402,2403,0,0,0,d,x,f,0,-1,0,0,,,
13442,_transforms,13219,10,-1,f,b,A,f,t,",",0,6179,13443,0,750,751,2400,2401,0,0,3816,d,x,f,0,-1,0,0,,,
13448,triggered_update_columns,13219,10,-1,f,c,C,f,t,",",13446,0,0,13447,2290,2291,2402,2403,0,0,0,d,x,f,0,-1,0,0,,,
13447,_triggered_update_columns,13219,10,-1,f,b,A,f,t,",",0,6179,13448,0,750,751,2400,2401,0,0,3816,d,x,f,0,-1,0,0,,,
13453,triggers,13219,10,-1,f,c,C,f,t,",",13451,0,0,13452,2290,2291,2402,2403,0,0,0,d,x,f,0,-1,0,0,,,
13452,_triggers,13219,10,-1,f,b,A,f,t,",",0,6179,13453,0,750,751,2400,2401,0,0,3816,d,x,f,0,-1,0,0,,,
13458,udt_privileges,13219,10,-1,f,c,C,f,t,",",13456,0,0,13457,2290,2291,2402,2403,0,0,0,d,x,f,0,-1,0,0,,,
13457,_udt_privileges,13219,10,-1,f,b,A,f,t,",",0,6179,13458,0,750,751,2400,2401,0,0,3816,d,x,f,0,-1,0,0,,,
13463,role_udt_grants,13219,10,-1,f,c,C,f,t,",",13461,0,0,13462,2290,2291,2402,2403,0,0,0,d,x,f,0,-1,0,0,,,
13462,_role_udt_grants,13219,10,-1,f,b,A,f,t,",",0,6179,13463,0,750,751,2400,2401,0,0,3816,d,x,f,0,-1,0,0,,,
13467,usage_privileges,13219,10,-1,f,c,C,f,t,",",13465,0,0,13466,2290,2291,2402,2403,0,0,0,d,x,f,0,-1,0,0,,,
13466,_usage_privileges,13219,10,-1,f,b,A,f,t,",",0,6179,13467,0,750,751,2400,2401,0,0,3816,d,x,f,0,-1,0,0,,,
13472,role_usage_grants,13219,10,-1,f,c,C,f,t,",",13470,0,0,13471,2290,2291,2402,2403,0,0,0,d,x,f,0,-1,0,0,,,
13471,_role_usage_grants,13219,10,-1,f,b,A,f,t,",",0,6179,13472,0,750,751,2400,2401,0,0,3816,d,x,f,0,-1,0,0,,,
13476,user_defined_types,13219,10,-1,f,c,C,f,t,",",13474,0,0,13475,2290,2291,2402,2403,0,0,0,d,x,f,0,-1,0,0,,,
13475,_user_defined_types,13219,10,-1,f,b,A,f,t,",",0,6179,13476,0,750,751,2400,2401,0,0,3816,d,x,f,0,-1,0,0,,,
13481,view_column_usage,13219,10,-1,f,c,C,f,t,",",13479,0,0,13480,2290,2291,2402,2403,0,0,0,d,x,f,0,-1,0,0,,,
13480,_view_column_usage,13219,10,-1,f,b,A,f,t,",",0,6179,13481,0,750,751,2400,2401,0,0,3816,d,x,f,0,-1,0,0,,,
13486,view_routine_usage,13219,10,-1,f,c,C,f,t,",",13484,0,0,13485,2290,2291,2402,2403,0,0,0,d,x,f,0,-1,0,0,,,
13485,_view_routine_usage,13219,10,-1,f,b,A,f,t,",",0,6179,13486,0,750,751,2400,2401,0,0,3816,d,x,f,0,-1,0,0,,,
13491,view_table_usage,13219,10,-1,f,c,C,f,t,",",13489,0,0,13490,2290,2291,2402,2403,0,0,0,d,x,f,0,-1,0,0,,,
13490,_view_table_usage,13219,10,-1,f,b,A,f,t,",",0,6179,13491,0,750,751,2400,2401,0,0,3816,d,x,f,0,-1,0,0,,,
13496,views,13219,10,-1,f,c,C,f,t,",",13494,0,0,13495,2290,2291,2402,2403,0,0,0,d,x,f,0,-1,0,0,,,
13495,_views,13219,10,-1,f,b,A,f,t,",",0,6179,13496,0,750,751,2400,2401,0,0,3816,d,x,f,0,-1,0,0,,,
13501,data_type_privileges,13219,10,-1,f,c,C,f,t,",",13499,0,0,13500,2290,2291,2402,2403,0,0,0,d,x,f,0,-1,0,0,,,
13500,_data_type_privileges,13219,10,-1,f,b,A,f,t,",",0,6179,13501,0,750,751,2400,2401,0,0,3816,d,x,f,0,-1,0,0,,,
13506,element_types,13219,10,-1,f,c,C,f,t,",",13504,0,0,13505,2290,2291,2402,2403,0,0,0,d,x,f,0,-1,0,0,,,
13505,_element_types,13219,10,-1,f,b,A,f,t,",",0,6179,13506,0,750,751,2400,2401,0,0,3816,d,x,f,0,-1,0,0,,,
13511,_pg_foreign_table_columns,13219,10,-1,f,c,C,f,t,",",13509,0,0,13510,2290,2291,2402,2403,0,0,0,d,x,f,0,-1,0,0,,,
13510,__pg_foreign_table_columns,13219,10,-1,f,b,A,f,t,",",0,6179,13511,0,750,751,2400,2401,0,0,3816,d,x,f,0,-1,0,0,,,
13516,column_options,13219,10,-1,f,c,C,f,t,",",13514,0,0,13515,2290,2291,2402,2403,0,0,0,d,x,f,0,-1,0,0,,,
13515,_column_options,13219,10,-1,f,b,A,f,t,",",0,6179,13516,0,750,751,2400,2401,0,0,3816,d,x,f,0,-1,0,0,,,
13520,_pg_foreign_data_wrappers,13219,10,-1,f,c,C,f,t,",",13518,0,0,13519,2290,2291,2402,2403,0,0,0,d,x,f,0,-1,0,0,,,
13519,__pg_foreign_data_wrappers,13219,10,-1,f,b,A,f,t,",",0,6179,13520,0,750,751,2400,2401,0,0,3816,d,x,f,0,-1,0,0,,,
13524,foreign_data_wrapper_options,13219,10,-1,f,c,C,f,t,",",13522,0,0,13523,2290,2291,2402,2403,0,0,0,d,x,f,0,-1,0,0,,,
13523,_foreign_data_wrapper_options,13219,10,-1,f,b,A,f,t,",",0,6179,13524,0,750,751,2400,2401,0,0,3816,d,x,f,0,-1,0,0,,,
13528,foreign_data_wrappers,13219,10,-1,f,c,C,f,t,",",13526,0,0,13527,2290,2291,2402,2403,0,0,0,d,x,f,0,-1,0,0,,,
13527,_foreign_data_wrappers,13219,10,-1,f,b,A,f,t,",",0,6179,13528,0,750,751,2400,2401,0,0,3816,d,x,f,0,-1,0,0,,,
13532,_pg_foreign_servers,13219,10,-1,f,c,C,f,t,",",13530,0,0,13531,2290,2291,2402,2403,0,0,0,d,x,f,0,-1,0,0,,,
13531,__pg_foreign_servers,13219,10,-1,f,b,A,f,t,",",0,6179,13532,0,750,751,2400,2401,0,0,3816,d,x,f,0,-1,0,0,,,
13536,foreign_server_options,13219,10,-1,f,c,C,f,t,",",13534,0,0,13535,2290,2291,2402,2403,0,0,0,d,x,f,0,-1,0,0,,,
13535,_foreign_server_options,13219,10,-1,f,b,A,f,t,",",0,6179,13536,0,750,751,2400,2401,0,0,3816,d,x,f,0,-1,0,0,,,
13540,foreign_servers,13219,10,-1,f,c,C,f,t,",",13538,0,0,13539,2290,2291,2402,2403,0,0,0,d,x,f,0,-1,0,0,,,
13539,_foreign_servers,13219,10,-1,f,b,A,f,t,",",0,6179,13540,0,750,751,2400,2401,0,0,3816,d,x,f,0,-1,0,0,,,
13544,_pg_foreign_tables,13219,10,-1,f,c,C,f,t,",",13542,0,0,13543,2290,2291,2402,2403,0,0,0,d,x,f,0,-1,0,0,,,
13543,__pg_foreign_tables,13219,10,-1,f,b,A,f,t,",",0,6179,13544,0,750,751,2400,2401,0,0,3816,d,x,f,0,-1,0,0,,,
13549,foreign_table_options,13219,10,-1,f,c,C,f,t,",",13547,0,0,13548,2290,2291,2402,2403,0,0,0,d,x,f,0,-1,0,0,,,
13548,_foreign_table_options,13219,10,-1,f,b,A,f,t,",",0,6179,13549,0,750,751,2400,2401,0,0,3816,d,x,f,0,-1,0,0,,,
13553,foreign_tables,13219,10,-1,f,c,C,f,t,",",13551,0,0,13552,2290,2291,2402,2403,0,0,0,d,x,f,0,-1,0,0,,,
13552,_foreign_tables,13219,10,-1,f,b,A,f,t,",",0,6179,13553,0,750,751,2400,2401,0,0,3816,d,x,f,0,-1,0,0,,,
13557,_pg_user_mappings,13219,10,-1,f,c,C,f,t,",",13555,0,0,13556,2290,2291,2402,2403,0,0,0,d,x,f,0,-1,0,0,,,
13556,__pg_user_mappings,13219,10,-1,f,b,A,f,t,",",0,6179,13557,0,750,751,2400,2401,0,0,3816,d,x,f,0,-1,0,0,,,
13562,user_mapping_options,13219,10,-1,f,c,C,f,t,",",13560,0,0,13561,2290,2291,2402,2403,0,0,0,d,x,f,0,-1,0,0,,,
13561,_user_mapping_options,13219,10,-1,f,b,A,f,t,",",0,6179,13562,0,750,751,2400,2401,0,0,3816,d,x,f,0,-1,0,0,,,
13567,user_mappings,13219,10,-1,f,c,C,f,t,",",13565,0,0,13566,2290,2291,2402,2403,0,0,0,d,x,f,0,-1,0,0,,,
13566,_user_mappings,13219,10,-1,f,b,A,f,t,",",0,6179,13567,0,750,751,2400,2401,0,0,3816,d,x,f,0,-1,0,0,,,
